loss_model,loss_rate,strategy,n_seeds,critical_event_delivery_ratio_mean,critical_event_delivery_ratio_median,critical_event_delivery_ratio_std,critical_event_delivery_ratio_ci95_low,critical_event_delivery_ratio_ci95_high,critical_event_delivery_ratio_n,important_event_delivery_ratio_mean,important_event_delivery_ratio_median,important_event_delivery_ratio_std,important_event_delivery_ratio_ci95_low,important_event_delivery_ratio_ci95_high,important_event_delivery_ratio_n,overall_delivery_ratio_mean,overall_delivery_ratio_median,overall_delivery_ratio_std,overall_delivery_ratio_ci95_low,overall_delivery_ratio_ci95_high,overall_delivery_ratio_n,physical_data_transmissions_mean,physical_data_transmissions_median,physical_data_transmissions_std,physical_data_transmissions_ci95_low,physical_data_transmissions_ci95_high,physical_data_transmissions_n,total_bytes_transmitted_mean,total_bytes_transmitted_median,total_bytes_transmitted_std,total_bytes_transmitted_ci95_low,total_bytes_transmitted_ci95_high,total_bytes_transmitted_n,data_copies_per_critical_event_mean,data_copies_per_critical_event_median,data_copies_per_critical_event_std,data_copies_per_critical_event_ci95_low,data_copies_per_critical_event_ci95_high,data_copies_per_critical_event_n,data_copies_per_delivered_critical_mean,data_copies_per_delivered_critical_median,data_copies_per_delivered_critical_std,data_copies_per_delivered_critical_ci95_low,data_copies_per_delivered_critical_ci95_high,data_copies_per_delivered_critical_n,critical_delivery_per_1000_bytes_mean,critical_delivery_per_1000_bytes_median,critical_delivery_per_1000_bytes_std,critical_delivery_per_1000_bytes_ci95_low,critical_delivery_per_1000_bytes_ci95_high,critical_delivery_per_1000_bytes_n
BURST_SAMPLE,0.0,EVENTGUARD,100,1.0,1.0,0.0,1.0,1.0,100,1.0,1.0,0.0,1.0,1.0,100,1.0,1.0,0.0,1.0,1.0,100,112.0,112.0,0.0,112.0,112.0,100,4368.0,4368.0,0.0,4368.0,4368.0,100,3.0,3.0,0.0,3.0,3.0,100,3.0,3.0,0.0,3.0,3.0,100,2.9761904761904763,2.9761904761904763,0.0,2.9761904761904763,2.9761904761904763,100
BURST_SAMPLE,0.0,FIXED_1,100,1.0,1.0,0.0,1.0,1.0,100,1.0,1.0,0.0,1.0,1.0,100,1.0,1.0,0.0,1.0,1.0,100,54.0,54.0,0.0,54.0,54.0,100,2106.0,2106.0,0.0,2106.0,2106.0,100,1.0,1.0,0.0,1.0,1.0,100,1.0,1.0,0.0,1.0,1.0,100,6.172839506172839,6.172839506172839,0.0,6.172839506172839,6.172839506172839,100
BURST_SAMPLE,0.0,FIXED_2,100,1.0,1.0,0.0,1.0,1.0,100,1.0,1.0,0.0,1.0,1.0,100,1.0,1.0,0.0,1.0,1.0,100,108.0,108.0,0.0,108.0,108.0,100,4212.0,4212.0,0.0,4212.0,4212.0,100,2.0,2.0,0.0,2.0,2.0,100,2.0,2.0,0.0,2.0,2.0,100,3.0864197530864197,3.0864197530864197,0.0,3.0864197530864197,3.0864197530864197,100
BURST_SAMPLE,0.0,FIXED_3,100,1.0,1.0,0.0,1.0,1.0,100,1.0,1.0,0.0,1.0,1.0,100,1.0,1.0,0.0,1.0,1.0,100,162.0,162.0,0.0,162.0,162.0,100,6318.0,6318.0,0.0,6318.0,6318.0,100,3.0,3.0,0.0,3.0,3.0,100,3.0,3.0,0.0,3.0,3.0,100,2.05761316872428,2.05761316872428,0.0,2.05761316872428,2.05761316872428,100
BURST_SAMPLE,0.0,IMPORTANCE_ONLY,100,1.0,1.0,0.0,1.0,1.0,100,1.0,1.0,0.0,1.0,1.0,100,1.0,1.0,0.0,1.0,1.0,100,112.0,112.0,0.0,112.0,112.0,100,4368.0,4368.0,0.0,4368.0,4368.0,100,3.0,3.0,0.0,3.0,3.0,100,3.0,3.0,0.0,3.0,3.0,100,2.9761904761904763,2.9761904761904763,0.0,2.9761904761904763,2.9761904761904763,100
BURST_SAMPLE,0.0,LINK_ONLY,100,1.0,1.0,0.0,1.0,1.0,100,1.0,1.0,0.0,1.0,1.0,100,1.0,1.0,0.0,1.0,1.0,100,54.0,54.0,0.0,54.0,54.0,100,2106.0,2106.0,0.0,2106.0,2106.0,100,1.0,1.0,0.0,1.0,1.0,100,1.0,1.0,0.0,1.0,1.0,100,6.172839506172839,6.172839506172839,0.0,6.172839506172839,6.172839506172839,100
BURST_SAMPLE,0.0,RANDOM_BUDGET,100,1.0,1.0,0.0,1.0,1.0,100,1.0,1.0,0.0,1.0,1.0,100,1.0,1.0,0.0,1.0,1.0,100,112.0,112.0,0.0,112.0,112.0,100,4368.0,4368.0,0.0,4368.0,4368.0,100,2.0761538461538462,2.076923076923077,0.06327673168847724,2.0637516067429047,2.088556085564788,100,2.0761538461538462,2.076923076923077,0.06327673168847724,2.0637516067429047,2.088556085564788,100,2.9761904761904763,2.9761904761904763,0.0,2.9761904761904763,2.9761904761904763,100
BURST_SAMPLE,0.0,UNIFORM_BUDGET,100,1.0,1.0,0.0,1.0,1.0,100,1.0,1.0,0.0,1.0,1.0,100,1.0,1.0,0.0,1.0,1.0,100,112.0,112.0,0.0,112.0,112.0,100,4368.0,4368.0,0.0,4368.0,4368.0,100,2.0,2.0,0.0,2.0,2.0,100,2.0,2.0,0.0,2.0,2.0,100,2.9761904761904763,2.9761904761904763,0.0,2.9761904761904763,2.9761904761904763,100
BURST_SAMPLE,0.05,EVENTGUARD,100,0.9484615384615385,1.0,0.09085558164623225,0.930653844458877,0.9662692324641999,100,0.9389655172413793,0.9137931034482758,0.0467168787522265,0.929809009005943,0.9481220254768157,100,0.9444444444444444,0.9444444444444444,0.0,0.9444444444444444,0.9444444444444444,100,122.45,122.0,4.236386396089206,121.61966826636652,123.28033173363349,100,4687.15,4680.0,168.28003206536178,4654.167113715189,4720.13288628481,100,3.0,3.0,0.0,3.0,3.0,100,3.1963181818181816,3.0,0.3514544066208538,3.127433118120494,3.265203245515869,100,2.631719181195079,2.7084987745884677,0.2495717368563602,2.5828031207712323,2.6806352416189254,100
BURST_SAMPLE,0.05,FIXED_1,100,0.9484615384615385,1.0,0.09085558164623225,0.930653844458877,0.9662692324641999,100,0.9389655172413793,0.9137931034482758,0.0467168787522265,0.929809009005943,0.9481220254768157,100,0.9444444444444444,0.9444444444444444,0.0,0.9444444444444444,0.9444444444444444,100,54.0,54.0,0.0,54.0,54.0,100,2067.0,2067.0,0.0,2067.0,2067.0,100,1.0,1.0,0.0,1.0,1.0,100,1.065439393939394,1.0,0.11715146887361796,1.0424777060401649,1.0884010818386232,100,5.965166908563135,6.289308176100629,0.5714187524920269,5.853168833074697,6.0771649840515725,100
BURST_SAMPLE,0.05,FIXED_2,100,0.9484615384615385,1.0,0.09085558164623225,0.930653844458877,0.9662692324641999,100,0.9389655172413793,0.9137931034482758,0.0467168787522265,0.929809009005943,0.9481220254768157,100,0.9444444444444444,0.9444444444444444,0.0,0.9444444444444444,0.9444444444444444,100,108.0,108.0,0.0,108.0,108.0,100,4134.0,4134.0,0.0,4134.0,4134.0,100,2.0,2.0,0.0,2.0,2.0,100,2.130878787878788,2.0,0.23430293774723593,2.0849554120803298,2.1768021636772463,100,2.9825834542815675,3.1446540880503147,0.28570937624601345,2.9265844165373487,3.0385824920257862,100
BURST_SAMPLE,0.05,FIXED_3,100,0.9484615384615385,1.0,0.09085558164623225,0.930653844458877,0.9662692324641999,100,0.9389655172413793,0.9137931034482758,0.0467168787522265,0.929809009005943,0.9481220254768157,100,0.9444444444444444,0.9444444444444444,0.0,0.9444444444444444,0.9444444444444444,100,162.0,162.0,0.0,162.0,162.0,100,6201.0,6201.0,0.0,6201.0,6201.0,100,3.0,3.0,0.0,3.0,3.0,100,3.1963181818181816,3.0,0.3514544066208538,3.127433118120494,3.265203245515869,100,1.988388969521045,2.0964360587002098,0.19047291749734235,1.9510562776915659,2.025721661350524,100
BURST_SAMPLE,0.05,IMPORTANCE_ONLY,100,0.9484615384615385,1.0,0.09085558164623225,0.930653844458877,0.9662692324641999,100,0.9389655172413793,0.9137931034482758,0.0467168787522265,0.929809009005943,0.9481220254768157,100,0.9444444444444444,0.9444444444444444,0.0,0.9444444444444444,0.9444444444444444,100,112.0,112.0,0.0,112.0,112.0,100,4287.01,4290.0,24.780040436617615,4282.153112074423,4291.866887925577,100,3.0,3.0,0.0,3.0,3.0,100,3.1963181818181816,3.0,0.3514544066208538,3.127433118120494,3.265203245515869,100,2.874985581198324,3.025725533278403,0.2642360911318383,2.8231953073364835,2.926775855060164,100
BURST_SAMPLE,0.05,LINK_ONLY,100,0.9484615384615385,1.0,0.09085558164623225,0.930653844458877,0.9662692324641999,100,0.9389655172413793,0.9137931034482758,0.0467168787522265,0.929809009005943,0.9481220254768157,100,0.9444444444444444,0.9444444444444444,0.0,0.9444444444444444,0.9444444444444444,100,73.05,74.0,4.411589420166071,72.18532847364744,73.91467152635255,100,2796.95,2808.0,173.67154503704847,2762.910377172738,2830.9896228272614,100,1.4138461538461538,1.4615384615384615,0.30077301638857884,1.3548946426339923,1.4727976650583152,100,1.5158776223776225,1.5,0.4029438335246773,1.4369006310067858,1.5948546137484592,100,4.428066431021115,4.444444444444445,0.5339390355451877,4.323414380054258,4.532718481987972,100
BURST_SAMPLE,0.05,RANDOM_BUDGET,100,0.9484615384615385,1.0,0.09085558164623225,0.930653844458877,0.9662692324641999,100,0.9389655172413793,0.9137931034482758,0.0467168787522265,0.929809009005943,0.9481220254768157,100,0.9444444444444444,0.9444444444444444,0.0,0.9444444444444444,0.9444444444444444,100,122.45,122.0,4.236386396089206,121.61966826636652,123.28033173363349,100,4688.97,4673.5,162.9544433455578,4657.030929104271,4720.909070895729,100,2.272307692307692,2.3076923076923075,0.1389097468050972,2.2450813819338933,2.299534002681491,100,2.4195314685314684,2.3846153846153846,0.2910185116089438,2.3624918402561152,2.4765710968068215,100,2.631308912683933,2.7045412154526405,0.25617762371742464,2.581098098435318,2.681519726932548,100
BURST_SAMPLE,0.05,UNIFORM_BUDGET,100,0.9484615384615385,1.0,0.09085558164623225,0.930653844458877,0.9662692324641999,100,0.9389655172413793,0.9137931034482758,0.0467168787522265,0.929809009005943,0.9481220254768157,100,0.9444444444444444,0.9444444444444444,0.0,0.9444444444444444,0.9444444444444444,100,122.45,122.0,4.236386396089206,121.61966826636652,123.28033173363349,100,4685.33,4680.0,154.11848092171218,4655.122777739344,4715.537222260656,100,2.0,2.0,0.0,2.0,2.0,100,2.130878787878788,2.0,0.23430293774723593,2.0849554120803298,2.1768021636772463,100,2.6334249835424592,2.710027100271003,0.2581507416962396,2.5828274381699963,2.684022528914922,100
BURST_SAMPLE,0.1,EVENTGUARD,100,0.9107692307692308,0.9230769230769231,0.0976197504783834,0.8916357596754676,0.929902701862994,100,0.9062068965517242,0.896551724137931,0.056752030336447,0.8950834986057805,0.9173302944976678,100,0.9074074074074074,0.9074074074074074,0.0,0.9074074074074074,0.9074074074074074,100,125.68,126.0,4.848992397676787,124.72959749005535,126.63040250994466,100,4746.69,4751.5,192.0552159135387,4709.047177680946,4784.332822319053,100,3.0,3.0,4.4408920985006264e-17,3.0,3.0,100,3.3350833333333334,3.25,0.39094257109386316,3.2584585893989364,3.4117080772677304,100,2.495575467707682,2.541957087411633,0.2625268362260345,2.444120207807379,2.547030727607985,100
BURST_SAMPLE,0.1,FIXED_1,100,0.9107692307692308,0.9230769230769231,0.0976197504783834,0.8916357596754676,0.929902701862994,100,0.9062068965517242,0.896551724137931,0.056752030336447,0.8950834986057805,0.9173302944976678,100,0.9074074074074074,0.9074074074074074,0.0,0.9074074074074074,0.9074074074074074,100,54.0,54.0,0.0,54.0,54.0,100,2041.0,2041.0,0.0,2041.0,2041.0,100,1.0,1.0,0.0,1.0,1.0,100,1.1116944444444445,1.0833333333333333,0.13031419036462108,1.0861528631329789,1.1372360257559102,100,5.801077902988731,5.879470847623714,0.6217818501807862,5.679208660353297,5.922947145624165,100
BURST_SAMPLE,0.1,FIXED_2,100,0.9107692307692308,0.9230769230769231,0.0976197504783834,0.8916357596754676,0.929902701862994,100,0.9062068965517242,0.896551724137931,0.056752030336447,0.8950834986057805,0.9173302944976678,100,0.9074074074074074,0.9074074074074074,0.0,0.9074074074074074,0.9074074074074074,100,108.0,108.0,0.0,108.0,108.0,100,4082.0,4082.0,0.0,4082.0,4082.0,100,2.0,2.0,0.0,2.0,2.0,100,2.223388888888889,2.1666666666666665,0.26062838072924216,2.1723057262659577,2.2744720515118204,100,2.9005389514943656,2.939735423811857,0.3108909250903931,2.8396043301766487,2.9614735728120825,100
BURST_SAMPLE,0.1,FIXED_3,100,0.9107692307692308,0.9230769230769231,0.0976197504783834,0.8916357596754676,0.929902701862994,100,0.9062068965517242,0.896551724137931,0.056752030336447,0.8950834986057805,0.9173302944976678,100,0.9074074074074074,0.9074074074074074,0.0,0.9074074074074074,0.9074074074074074,100,162.0,162.0,0.0,162.0,162.0,100,6123.0,6123.0,0.0,6123.0,6123.0,100,3.0,3.0,0.0,3.0,3.0,100,3.3350833333333334,3.25,0.39094257109386316,3.2584585893989364,3.4117080772677304,100,1.933692634329577,1.9598236158745712,0.20726061672692864,1.893069553451099,1.974315715208055,100
BURST_SAMPLE,0.1,IMPORTANCE_ONLY,100,0.9107692307692308,0.9230769230769231,0.0976197504783834,0.8916357596754676,0.929902701862994,100,0.9062068965517242,0.896551724137931,0.056752030336447,0.8950834986057805,0.9173302944976678,100,0.9074074074074074,0.9074074074074074,0.0,0.9074074074074074,0.9074074074074074,100,112.0,112.0,0.0,112.0,112.0,100,4233.71,4238.0,29.042739317610987,4228.017623093749,4239.402376906251,100,3.0,3.0,0.0,3.0,3.0,100,3.3350833333333334,3.25,0.39094257109386316,3.2584585893989364,3.4117080772677304,100,2.795338608099224,2.853413070131336,0.2879066163257268,2.7389089112993816,2.8517683048990663,100
BURST_SAMPLE,0.1,LINK_ONLY,100,0.9107692307692308,0.9230769230769231,0.0976197504783834,0.8916357596754676,0.929902701862994,100,0.9062068965517242,0.896551724137931,0.056752030336447,0.8950834986057805,0.9173302944976678,100,0.9074074074074074,0.9074074074074074,0.0,0.9074074074074074,0.9074074074074074,100,79.07,79.0,6.143494547285385,77.86587506873205,80.27412493126793,100,2980.38,2977.0,233.25192432651053,2934.662622832004,3026.097377167996,100,1.506923076923077,1.5384615384615385,0.33146238425348434,1.4419564496093942,1.5718897042367599,100,1.6867084304584306,1.6153846153846154,0.4670761434743378,1.5951615063374605,1.7782553545794006,100,3.9971088088068694,3.936303579226121,0.5372090663270287,3.8918158318067717,4.102401785806967,100
BURST_SAMPLE,0.1,RANDOM_BUDGET,100,0.9107692307692308,0.9230769230769231,0.0976197504783834,0.8916357596754676,0.929902701862994,100,0.9062068965517242,0.896551724137931,0.056752030336447,0.8950834986057805,0.9173302944976678,100,0.9074074074074074,0.9074074074074074,0.0,0.9074074074074074,0.9074074074074074,100,125.68,126.0,4.848992397676787,124.72959749005535,126.63040250994466,100,4751.37,4764.5,183.45266942509156,4715.413276792682,4787.326723207318,100,2.336923076923077,2.346153846153846,0.1449568617959238,2.308511532011076,2.365334621835078,100,2.5945042735042736,2.5419580419580416,0.31521764266967145,2.532721615541018,2.656286931467529,100,2.493479263946668,2.553146141134991,0.26669073901231183,2.4412078791002547,2.545750648793081,100
BURST_SAMPLE,0.1,UNIFORM_BUDGET,100,0.9107692307692308,0.9230769230769231,0.0976197504783834,0.8916357596754676,0.929902701862994,100,0.9062068965517242,0.896551724137931,0.056752030336447,0.8950834986057805,0.9173302944976678,100,0.9074074074074074,0.9074074074074074,0.0,0.9074074074074074,0.9074074074074074,100,125.68,126.0,4.848992397676787,124.72959749005535,126.63040250994466,100,4749.16,4758.0,176.39749190823306,4714.586091585986,4783.733908414014,100,2.013076923076923,2.0,0.047726383295018764,2.0037225519510997,2.0224312942027467,100,2.2374902874902873,2.1666666666666665,0.2631363772028506,2.1859155575585287,2.289065017422046,100,2.494724718824984,2.5465927126002543,0.26858727358486834,2.44208161320235,2.547367824447618,100
BURST_SAMPLE,0.2,EVENTGUARD,100,0.7923076923076923,0.7692307692307693,0.15169435341281068,0.7625755990387814,0.8220397855766032,100,0.7927586206896552,0.7931034482758621,0.0849606893823041,0.7761063255707236,0.8094109158085868,100,0.7962962962962963,0.7962962962962963,0.0,0.7962962962962963,0.7962962962962963,100,137.36,138.0,4.9757391207718875,136.38475513232873,138.3352448676713,100,4989.14,5005.0,189.46836947180137,4952.004199583527,5026.275800416473,100,3.0,3.0,1.1387886188540487e-16,3.0,3.0,100,3.96282683982684,3.9,0.9970825164470682,3.7673986666032144,4.158255013050465,100,2.0641801561672426,2.073398299813394,0.38922697140322315,1.9878916697722109,2.1404686425622743,100
BURST_SAMPLE,0.2,FIXED_1,100,0.7923076923076923,0.7692307692307693,0.15169435341281068,0.7625755990387814,0.8220397855766032,100,0.7927586206896552,0.7931034482758621,0.0849606893823041,0.7761063255707236,0.8094109158085868,100,0.7962962962962963,0.7962962962962963,0.0,0.7962962962962963,0.7962962962962963,100,54.0,54.0,0.0,54.0,54.0,100,1963.0,1963.0,0.0,1963.0,1963.0,100,1.0,1.0,0.0,1.0,1.0,100,1.3209422799422799,1.3,0.33236083881568945,1.2557995555344048,1.386085004350155,100,5.247070809984717,5.094243504839532,1.004598366972256,5.050169530058155,5.44397208991128,100
BURST_SAMPLE,0.2,FIXED_2,100,0.7923076923076923,0.7692307692307693,0.15169435341281068,0.7625755990387814,0.8220397855766032,100,0.7927586206896552,0.7931034482758621,0.0849606893823041,0.7761063255707236,0.8094109158085868,100,0.7962962962962963,0.7962962962962963,0.0,0.7962962962962963,0.7962962962962963,100,108.0,108.0,0.0,108.0,108.0,100,3926.0,3926.0,0.0,3926.0,3926.0,100,2.0,2.0,0.0,2.0,2.0,100,2.6418845598845597,2.6,0.6647216776313789,2.5115991110688096,2.77217000870031,100,2.6235354049923587,2.547121752419766,0.502299183486128,2.5250847650290775,2.72198604495564,100
BURST_SAMPLE,0.2,FIXED_3,100,0.7923076923076923,0.7692307692307693,0.15169435341281068,0.7625755990387814,0.8220397855766032,100,0.7927586206896552,0.7931034482758621,0.0849606893823041,0.7761063255707236,0.8094109158085868,100,0.7962962962962963,0.7962962962962963,0.0,0.7962962962962963,0.7962962962962963,100,162.0,162.0,0.0,162.0,162.0,100,5889.0,5889.0,0.0,5889.0,5889.0,100,3.0,3.0,0.0,3.0,3.0,100,3.96282683982684,3.9,0.9970825164470682,3.7673986666032144,4.158255013050465,100,1.7490236033282391,1.6980811682798438,0.3348661223240854,1.6833898433527184,1.81465736330376,100
BURST_SAMPLE,0.2,IMPORTANCE_ONLY,100,0.7923076923076923,0.7692307692307693,0.15169435341281068,0.7625755990387814,0.8220397855766032,100,0.7927586206896552,0.7931034482758621,0.0849606893823041,0.7761063255707236,0.8094109158085868,100,0.7962962962962963,0.7962962962962963,0.0,0.7962962962962963,0.7962962962962963,100,112.0,112.0,0.0,112.0,112.0,100,4069.78,4069.0,40.72662742995278,4061.7975810237294,4077.762418976271,100,3.0,3.0,0.0,3.0,3.0,100,3.96282683982684,3.9,0.9970825164470682,3.7673986666032144,4.158255013050465,100,2.527587656793757,2.465483234714004,0.46858662923887623,2.4357446774629374,2.619430636124577,100
BURST_SAMPLE,0.2,LINK_ONLY,100,0.7923076923076923,0.7692307692307693,0.15169435341281068,0.7625755990387814,0.8220397855766032,100,0.7927586206896552,0.7931034482758621,0.0849606893823041,0.7761063255707236,0.8094109158085868,100,0.7962962962962963,0.7962962962962963,0.0,0.7962962962962963,0.7962962962962963,100,110.83,111.0,6.513474766616781,109.55335894574311,112.10664105425688,100,4017.39,4023.5,242.08529655491432,3969.9412818752367,4064.838718124763,100,2.163076923076923,2.1538461538461537,0.29424378243640154,2.1054051417193884,2.220748704434458,100,2.9012876845376847,2.668181818181818,1.0521308175474913,2.6950700442983764,3.107505324776993,100,2.573379854680807,2.635605840446719,0.5166784062869964,2.4721108870485557,2.6746488223130584,100
BURST_SAMPLE,0.2,RANDOM_BUDGET,100,0.7923076923076923,0.7692307692307693,0.15169435341281068,0.7625755990387814,0.8220397855766032,100,0.7927586206896552,0.7931034482758621,0.0849606893823041,0.7761063255707236,0.8094109158085868,100,0.7962962962962963,0.7962962962962963,0.0,0.7962962962962963,0.7962962962962963,100,137.36,138.0,4.9757391207718875,136.38475513232873,138.3352448676713,100,4994.47,5005.0,179.25640205238884,4959.335745197732,5029.604254802269,100,2.5584615384615383,2.5384615384615383,0.15829616977479172,2.527435489185679,2.5894875877373975,100,3.374333055833056,3.202020202020202,0.8475637217579224,3.208210566368503,3.540455545297609,100,2.062548419781321,2.09213678317352,0.39158729705263495,1.9857973095590045,2.1392995300036373,100
BURST_SAMPLE,0.2,UNIFORM_BUDGET,100,0.7923076923076923,0.7692307692307693,0.15169435341281068,0.7625755990387814,0.8220397855766032,100,0.7927586206896552,0.7931034482758621,0.0849606893823041,0.7761063255707236,0.8094109158085868,100,0.7962962962962963,0.7962962962962963,0.0,0.7962962962962963,0.7962962962962963,100,137.36,138.0,4.9757391207718875,136.38475513232873,138.3352448676713,100,4993.3,4985.5,176.16139867700412,4958.772365859308,5027.827634140693,100,2.3661538461538463,2.4615384615384617,0.2080560284625722,2.325374864575182,2.4069328277325104,100,3.112190836940837,3.0,0.7468036319510605,2.9658173250784294,3.2585643488032447,100,2.063973626341309,2.087468617161088,0.3966811291133069,1.9862241250351007,2.141723127647517,100
BURST_SAMPLE,0.3,EVENTGUARD,100,0.6984615384615385,0.6923076923076923,0.18021165807741446,0.6631400534783652,0.7337830234447117,100,0.6979310344827586,0.6896551724137931,0.09249059748685885,0.6798028773753343,0.7160591915901829,100,0.7037037037037037,0.7037037037037037,0.0,0.7037037037037037,0.7037037037037037,100,140.29,141.0,3.5456474953971613,139.59505309090216,140.98494690909783,100,4922.19,4940.0,131.19803021125406,4896.475186078594,4947.904813921406,100,3.0,3.0,9.727459440504585e-17,3.0,3.0,100,4.736514069264069,4.333333333333333,2.052064164516103,4.334309493018913,5.138718645509225,100,1.8460656005638019,1.9178822896055383,0.4789297349438064,1.7521953725148158,1.939935828612788,100
BURST_SAMPLE,0.3,FIXED_1,100,0.6984615384615385,0.6923076923076923,0.18021165807741446,0.6631400534783652,0.7337830234447117,100,0.6979310344827586,0.6896551724137931,0.09249059748685885,0.6798028773753343,0.7160591915901829,100,0.7037037037037037,0.7037037037037037,0.0,0.7037037037037037,0.7037037037037037,100,54.0,54.0,0.0,54.0,54.0,100,1898.0,1898.0,0.0,1898.0,1898.0,100,1.0,1.0,0.0,1.0,1.0,100,1.578838023088023,1.4444444444444444,0.6840213881720343,1.4447698310063042,1.7129062151697418,100,4.783983140147524,4.7418335089567965,1.2343264251877701,4.542055160810721,5.025911119484327,100
BURST_SAMPLE,0.3,FIXED_2,100,0.6984615384615385,0.6923076923076923,0.18021165807741446,0.6631400534783652,0.7337830234447117,100,0.6979310344827586,0.6896551724137931,0.09249059748685885,0.6798028773753343,0.7160591915901829,100,0.7037037037037037,0.7037037037037037,0.0,0.7037037037037037,0.7037037037037037,100,108.0,108.0,0.0,108.0,108.0,100,3796.0,3796.0,0.0,3796.0,3796.0,100,2.0,2.0,0.0,2.0,2.0,100,3.157676046176046,2.888888888888889,1.3680427763440686,2.8895396620126084,3.4258124303394837,100,2.391991570073762,2.3709167544783982,0.6171632125938851,2.2710275804053603,2.5129555597421636,100
BURST_SAMPLE,0.3,FIXED_3,100,0.6984615384615385,0.6923076923076923,0.18021165807741446,0.6631400534783652,0.7337830234447117,100,0.6979310344827586,0.6896551724137931,0.09249059748685885,0.6798028773753343,0.7160591915901829,100,0.7037037037037037,0.7037037037037037,0.0,0.7037037037037037,0.7037037037037037,100,162.0,162.0,0.0,162.0,162.0,100,5694.0,5694.0,0.0,5694.0,5694.0,100,3.0,3.0,0.0,3.0,3.0,100,4.736514069264069,4.333333333333333,2.052064164516103,4.334309493018913,5.138718645509225,100,1.5946610467158413,1.5806111696522656,0.41144214172925675,1.514018386936907,1.6753037064947756,100
BURST_SAMPLE,0.3,IMPORTANCE_ONLY,100,0.6984615384615385,0.6923076923076923,0.18021165807741446,0.6631400534783652,0.7337830234447117,100,0.6979310344827586,0.6896551724137931,0.09249059748685885,0.6798028773753343,0.7160591915901829,100,0.7037037037037037,0.7037037037037037,0.0,0.7037037037037037,0.7037037037037037,100,112.0,112.0,0.0,112.0,112.0,100,3933.54,3926.0,46.86051082465357,3924.355339878368,3942.724660121632,100,3.0,3.0,0.0,3.0,3.0,100,4.736514069264069,4.333333333333333,2.052064164516103,4.334309493018913,5.138718645509225,100,2.303151536796717,2.307717949002852,0.57661040947606,2.190135896539409,2.416167177054025,100
BURST_SAMPLE,0.3,LINK_ONLY,100,0.6984615384615385,0.6923076923076923,0.18021165807741446,0.6631400534783652,0.7337830234447117,100,0.6979310344827586,0.6896551724137931,0.09249059748685885,0.6798028773753343,0.7160591915901829,100,0.7037037037037037,0.7037037037037037,0.0,0.7037037037037037,0.7037037037037037,100,130.7,130.5,7.209001107622121,129.28703578290606,132.11296421709392,100,4579.64,4602.0,270.900798869776,4526.543443421524,4632.736556578477,100,2.5115384615384615,2.5384615384615383,0.25297819638087726,2.4619547350478097,2.5611221880291133,100,4.027446886446886,3.4444444444444446,1.9989465194187972,3.635653368640802,4.41924040425297,100,1.9915465787607611,2.048554282596836,0.5344998886739739,1.8867846005806623,2.09630855694086,100
BURST_SAMPLE,0.3,RANDOM_BUDGET,100,0.6984615384615385,0.6923076923076923,0.18021165807741446,0.6631400534783652,0.7337830234447117,100,0.6979310344827586,0.6896551724137931,0.09249059748685885,0.6798028773753343,0.7160591915901829,100,0.7037037037037037,0.7037037037037037,0.0,0.7037037037037037,0.7037037037037037,100,140.29,141.0,3.5456474953971613,139.59505309090216,140.98494690909783,100,4932.98,4953.0,127.51303993527624,4907.987444172685,4957.972555827314,100,2.6053846153846156,2.6153846153846154,0.13104317938993454,2.5797001522241882,2.631069078545043,100,4.121984987234987,3.6333333333333333,1.824030453040114,3.764475018439125,4.47949495603085,100,1.8429390712682567,1.8969612240337193,0.4813416146486112,1.748596114797129,1.9372820277393845,100
BURST_SAMPLE,0.3,UNIFORM_BUDGET,100,0.6984615384615385,0.6923076923076923,0.18021165807741446,0.6631400534783652,0.7337830234447117,100,0.6979310344827586,0.6896551724137931,0.09249059748685885,0.6798028773753343,0.7160591915901829,100,0.7037037037037037,0.7037037037037037,0.0,0.7037037037037037,0.7037037037037037,100,140.29,141.0,3.5456474953971613,139.59505309090216,140.98494690909783,100,4928.17,4953.0,120.62916334993396,4904.526683983413,4951.813316016587,100,2.4776923076923074,2.5384615384615383,0.140567171697839,2.450141142039531,2.5052434733450837,100,3.9194151126651127,3.4222222222222225,1.7452196877516444,3.5773520538657904,4.261478171464435,100,1.8454220258403413,1.891904155009784,0.4847658647903891,1.750407916341425,1.9404361353392576,100
RANDOM_COPY,0.0,EVENTGUARD,100,1.0,1.0,0.0,1.0,1.0,100,1.0,1.0,0.0,1.0,1.0,100,1.0,1.0,0.0,1.0,1.0,100,112.0,112.0,0.0,112.0,112.0,100,4368.0,4368.0,0.0,4368.0,4368.0,100,3.0,3.0,0.0,3.0,3.0,100,3.0,3.0,0.0,3.0,3.0,100,2.9761904761904763,2.9761904761904763,0.0,2.9761904761904763,2.9761904761904763,100
RANDOM_COPY,0.0,FIXED_1,100,1.0,1.0,0.0,1.0,1.0,100,1.0,1.0,0.0,1.0,1.0,100,1.0,1.0,0.0,1.0,1.0,100,54.0,54.0,0.0,54.0,54.0,100,2106.0,2106.0,0.0,2106.0,2106.0,100,1.0,1.0,0.0,1.0,1.0,100,1.0,1.0,0.0,1.0,1.0,100,6.172839506172839,6.172839506172839,0.0,6.172839506172839,6.172839506172839,100
RANDOM_COPY,0.0,FIXED_2,100,1.0,1.0,0.0,1.0,1.0,100,1.0,1.0,0.0,1.0,1.0,100,1.0,1.0,0.0,1.0,1.0,100,108.0,108.0,0.0,108.0,108.0,100,4212.0,4212.0,0.0,4212.0,4212.0,100,2.0,2.0,0.0,2.0,2.0,100,2.0,2.0,0.0,2.0,2.0,100,3.0864197530864197,3.0864197530864197,0.0,3.0864197530864197,3.0864197530864197,100
RANDOM_COPY,0.0,FIXED_3,100,1.0,1.0,0.0,1.0,1.0,100,1.0,1.0,0.0,1.0,1.0,100,1.0,1.0,0.0,1.0,1.0,100,162.0,162.0,0.0,162.0,162.0,100,6318.0,6318.0,0.0,6318.0,6318.0,100,3.0,3.0,0.0,3.0,3.0,100,3.0,3.0,0.0,3.0,3.0,100,2.05761316872428,2.05761316872428,0.0,2.05761316872428,2.05761316872428,100
RANDOM_COPY,0.0,IMPORTANCE_ONLY,100,1.0,1.0,0.0,1.0,1.0,100,1.0,1.0,0.0,1.0,1.0,100,1.0,1.0,0.0,1.0,1.0,100,112.0,112.0,0.0,112.0,112.0,100,4368.0,4368.0,0.0,4368.0,4368.0,100,3.0,3.0,0.0,3.0,3.0,100,3.0,3.0,0.0,3.0,3.0,100,2.9761904761904763,2.9761904761904763,0.0,2.9761904761904763,2.9761904761904763,100
RANDOM_COPY,0.0,LINK_ONLY,100,1.0,1.0,0.0,1.0,1.0,100,1.0,1.0,0.0,1.0,1.0,100,1.0,1.0,0.0,1.0,1.0,100,54.0,54.0,0.0,54.0,54.0,100,2106.0,2106.0,0.0,2106.0,2106.0,100,1.0,1.0,0.0,1.0,1.0,100,1.0,1.0,0.0,1.0,1.0,100,6.172839506172839,6.172839506172839,0.0,6.172839506172839,6.172839506172839,100
RANDOM_COPY,0.0,RANDOM_BUDGET,100,1.0,1.0,0.0,1.0,1.0,100,1.0,1.0,0.0,1.0,1.0,100,1.0,1.0,0.0,1.0,1.0,100,112.0,112.0,0.0,112.0,112.0,100,4368.0,4368.0,0.0,4368.0,4368.0,100,2.0761538461538462,2.076923076923077,0.06327673168847724,2.0637516067429047,2.088556085564788,100,2.0761538461538462,2.076923076923077,0.06327673168847724,2.0637516067429047,2.088556085564788,100,2.9761904761904763,2.9761904761904763,0.0,2.9761904761904763,2.9761904761904763,100
RANDOM_COPY,0.0,UNIFORM_BUDGET,100,1.0,1.0,0.0,1.0,1.0,100,1.0,1.0,0.0,1.0,1.0,100,1.0,1.0,0.0,1.0,1.0,100,112.0,112.0,0.0,112.0,112.0,100,4368.0,4368.0,0.0,4368.0,4368.0,100,2.0,2.0,0.0,2.0,2.0,100,2.0,2.0,0.0,2.0,2.0,100,2.9761904761904763,2.9761904761904763,0.0,2.9761904761904763,2.9761904761904763,100
RANDOM_COPY,0.05,EVENTGUARD,100,1.0,1.0,0.0,1.0,1.0,100,0.9982758620689656,1.0,0.007553203915778967,0.9967954341014729,0.9997562900364583,100,0.987037037037037,0.9814814814814815,0.014772667318841965,0.984141594242544,0.9899324798315301,100,116.45,115.0,4.667478284400854,115.53517425625743,117.36482574374257,100,4464.85,4407.0,167.83309259409174,4431.954713851558,4497.745286148443,100,3.0,3.0,0.0,3.0,3.0,100,3.0,3.0,0.0,3.0,3.0,100,2.9155870038425427,2.949852507374631,0.10633873002866621,2.894744612756924,2.9364293949281612,100
RANDOM_COPY,0.05,FIXED_1,100,0.956923076923077,1.0,0.05165366521012415,0.9467989585418927,0.9670471953042613,100,0.9506896551724138,0.9655172413793104,0.036432182958587245,0.9435489473125307,0.9578303630322968,100,0.9487037037037037,0.9444444444444444,0.029174274092661535,0.942985545981542,0.9544218614258654,100,54.0,54.0,0.0,54.0,54.0,100,2069.99,2067.0,20.4803404130484,2065.9758532790424,2074.004146720957,100,1.0,1.0,0.0,1.0,1.0,100,1.0482272727272728,1.0,0.060273057831866164,1.036413753392227,1.0600407920623185,100,6.008908469712932,6.172839506172839,0.3044247406365144,5.949241220548175,6.068575718877688,100
RANDOM_COPY,0.05,FIXED_2,100,1.0,1.0,0.0,1.0,1.0,100,0.9979310344827587,1.0,0.008230457123308336,0.9963178648865902,0.9995442040789271,100,0.9975925925925926,1.0,0.006259216092400566,0.996365786238482,0.9988193989467031,100,108.0,108.0,0.0,108.0,108.0,100,4139.2,4134.0,31.843366656181317,4132.958700135388,4145.441299864611,100,2.0,2.0,0.0,2.0,2.0,100,2.0,2.0,0.0,2.0,2.0,100,3.140888028903191,3.1446540880503147,0.024227637502949033,3.136139411952613,3.145636645853769,100
RANDOM_COPY,0.05,FIXED_3,100,1.0,1.0,0.0,1.0,1.0,100,0.9996551724137931,1.0,0.003448275862068961,0.9989793103448276,1.0003310344827585,100,0.9998148148148148,1.0,0.0018518518518518489,0.9994518518518518,1.0001777777777778,100,162.0,162.0,0.0,162.0,162.0,100,6210.23,6214.0,41.163349148621435,6202.16198356687,6218.298016433129,100,3.0,3.0,0.0,3.0,3.0,100,3.0,3.0,0.0,3.0,3.0,100,2.0934117037360296,2.092050209205021,0.013942859107415478,2.0906789033509763,2.096144504121083,100
RANDOM_COPY,0.05,IMPORTANCE_ONLY,100,1.0,1.0,0.0,1.0,1.0,100,0.9979310344827587,1.0,0.008230457123308336,0.9963178648865902,0.9995442040789271,100,0.9844444444444445,0.9814814814814815,0.016796064176458316,0.9811524158658587,0.9877364730230302,100,112.0,112.0,0.0,112.0,112.0,100,4293.64,4290.0,32.37923015537191,4287.293670889548,4299.986329110453,100,3.0,3.0,0.0,3.0,3.0,100,3.0,3.0,0.0,3.0,3.0,100,3.0279051696308916,3.0303030303030303,0.02292301451661675,3.0234122587856347,3.0323980804761486,100
RANDOM_COPY,0.05,LINK_ONLY,100,0.96,1.0,0.04825568939908318,0.9505418848777797,0.9694581151222202,100,0.9551724137931035,0.9655172413793104,0.035172482089251486,0.9482786073036101,0.9620662202825968,100,0.9544444444444444,0.9629629629629629,0.025166582773609163,0.949511794220817,0.9593770946680719,100,60.16,59.0,6.433372585843512,58.89905897317467,61.420941026825325,100,2306.59,2242.5,236.73614409124755,2260.1897157581157,2352.9902842418846,100,1.0615384615384615,1.0,0.14668655219162957,1.0327878973089022,1.090289025768021,100,1.1097377622377622,1.0833333333333333,0.17297365674473988,1.0758349255157933,1.1436405989597311,100,5.470336017552489,5.527406725011516,0.6487442941005659,5.343182135908778,5.5974898991962,100
RANDOM_COPY,0.05,RANDOM_BUDGET,100,1.0,1.0,0.0,1.0,1.0,100,0.9979310344827587,1.0,0.008230457123308336,0.9963178648865902,0.9995442040789271,100,0.9979629629629629,1.0,0.005823445143244808,0.996821567714887,0.9991043582110389,100,116.45,115.0,4.667478284400854,115.53517425625743,117.36482574374257,100,4463.42,4413.5,171.90155627714674,4429.727294969679,4497.112705030321,100,2.1615384615384614,2.1538461538461537,0.11901815768037052,2.1382109026331086,2.184866020443814,100,2.1615384615384614,2.1538461538461537,0.11901815768037052,2.1382109026331086,2.184866020443814,100,2.9167210910885655,2.9455144889814333,0.10907636941946428,2.8953421226823504,2.9381000594947806,100
RANDOM_COPY,0.05,UNIFORM_BUDGET,100,1.0,1.0,0.0,1.0,1.0,100,0.9979310344827587,1.0,0.008230457123308336,0.9963178648865902,0.9995442040789271,100,0.9985185185185185,1.0,0.005049257858227598,0.9975288639783059,0.9995081730587311,100,116.45,115.0,4.667478284400854,115.53517425625743,117.36482574374257,100,4463.55,4407.0,169.9455869543323,4430.240664956951,4496.859335043049,100,2.0,2.0,0.0,2.0,2.0,100,2.0,2.0,0.0,2.0,2.0,100,2.916543526447464,2.949852507374631,0.10786939157478871,2.8954011256988057,2.9376859271961226,100
RANDOM_COPY,0.1,EVENTGUARD,100,0.9984615384615385,1.0,0.01082348416432997,0.9963401355653299,1.0005829413577472,100,0.9955172413793103,1.0,0.011655092034125196,0.9932328433406218,0.9978016394179988,100,0.9779629629629629,0.9814814814814815,0.018740717081501462,0.9742897824149886,0.9816361435109372,100,127.83,127.5,7.822597414096568,126.29677090683707,129.36322909316291,100,4817.54,4790.5,279.883324175477,4762.682868461607,4872.397131538393,100,3.0,3.0,6.248570289470553e-17,3.0,3.0,100,3.005,3.0,0.03517632353407242,2.9981054405873215,3.0118945594126783,100,2.703164605813,2.6990602462300575,0.15712243510593155,2.672368608532237,2.7339606030937627,100
RANDOM_COPY,0.1,FIXED_1,100,0.8992307692307693,0.9230769230769231,0.0801163161343044,0.8835279712684456,0.9149335671930929,100,0.9020689655172414,0.896551724137931,0.0538504102220171,0.891514285113726,0.9126236459207567,100,0.8975925925925926,0.8888888888888888,0.04400069972147343,0.8889684554471838,0.9062167297380014,100,54.0,54.0,0.0,54.0,54.0,100,2034.11,2028.0,30.888491204474345,2028.0558557239228,2040.164144276077,100,1.0,1.0,0.0,1.0,1.0,100,1.1213737373737374,1.0833333333333333,0.10617894098635731,1.1005626649404112,1.1421848098070635,100,5.74376684580678,5.8422590068159685,0.4680461903047344,5.652029792507052,5.8355038991065085,100
RANDOM_COPY,0.1,FIXED_2,100,0.9907692307692307,1.0,0.025122971720853093,0.9858451283119435,0.995693333226518,100,0.9913793103448276,1.0,0.016530085704865582,0.988139413546674,0.9946192071429812,100,0.9896296296296296,1.0,0.013757641497028681,0.986933131896212,0.9923261273630473,100,108.0,108.0,0.0,108.0,108.0,100,4071.86,4075.5,41.0089963029794,4063.8222367246162,4079.897763275384,100,2.0,2.0,0.0,2.0,2.0,100,2.02,2.0,0.05443310539518169,2.0093311113425445,2.0306688886574555,100,3.16321876688301,3.1746031746031744,0.07614453035350555,3.148294438933723,3.178143094832297,100
RANDOM_COPY,0.1,FIXED_3,100,0.9984615384615385,1.0,0.01082348416432997,0.9963401355653299,1.0005829413577472,100,0.9993103448275862,1.0,0.004851906694354811,0.9983593711154927,1.0002613185396798,100,0.9988888888888889,1.0,0.004420060306961882,0.9980225570687244,0.9997552207090534,100,162.0,162.0,0.0,162.0,162.0,100,6103.63,6110.0,55.138696562267945,6092.822815473795,6114.437184526205,100,3.0,3.0,0.0,3.0,3.0,100,3.005,3.0,0.03517632353407242,2.9981054405873215,3.0118945594126783,100,2.1267149603650566,2.127659574468085,0.02563388960093894,2.1216907180032725,2.1317392027268407,100
RANDOM_COPY,0.1,IMPORTANCE_ONLY,100,0.9984615384615385,1.0,0.01082348416432997,0.9963401355653299,1.0005829413577472,100,0.9913793103448276,1.0,0.016530085704865582,0.988139413546674,0.9946192071429812,100,0.9694444444444444,0.9629629629629629,0.021444005392015162,0.9652414193876094,0.9736474695012795,100,112.0,112.0,0.0,112.0,112.0,100,4223.7,4225.0,39.60805448135492,4215.936821321654,4231.463178678346,100,3.0,3.0,0.0,3.0,3.0,100,3.005,3.0,0.03517632353407242,2.9981054405873215,3.0118945594126783,100,3.0733011698692487,3.072203869749882,0.03669978544392741,3.066108011922239,3.0804943278162584,100
RANDOM_COPY,0.1,LINK_ONLY,100,0.9415384615384615,0.9230769230769231,0.058999690515827964,0.9299745221973592,0.9531024008795639,100,0.9434482758620689,0.9310344827586207,0.03749311823057493,0.9360996246888762,0.9507969270352616,100,0.9375925925925925,0.9444444444444444,0.02627563300849985,0.9324425685229265,0.9427426166622586,100,77.97,77.5,12.401087440098538,75.53938686174068,80.40061313825932,100,2936.96,2912.0,449.70609751415884,2848.817604887225,3025.102395112775,100,1.4115384615384616,1.3846153846153846,0.37339899906632795,1.3383522577214613,1.484724665355462,100,1.5025477855477856,1.5,0.39156339509326915,1.4258013601095048,1.5792942109860664,100,4.2652247934878735,4.192342311154192,0.7146993958279826,4.125143711905589,4.405305875070158,100
RANDOM_COPY,0.1,RANDOM_BUDGET,100,0.9930769230769231,1.0,0.022124883943435474,0.9887404458240098,0.9974134003298364,100,0.9948275862068966,1.0,0.012374837285608148,0.9924021180989174,0.9972530543148758,100,0.9938888888888889,1.0,0.010869998961183788,0.9917583690924969,0.9960194086852809,100,127.83,127.5,7.822597414096568,126.29677090683707,129.36322909316291,100,4816.63,4777.5,281.90895639722004,4761.375844546145,4871.884155453855,100,2.373846153846154,2.3846153846153846,0.17528207583327365,2.3394908669828323,2.4082014407094756,100,2.391602564102564,2.3846153846153846,0.1841737803594867,2.3555045031521047,2.4277006250530233,100,2.6890240576131514,2.68576759574509,0.16325241636302074,2.6570265840059992,2.7210215312203037,100
RANDOM_COPY,0.1,UNIFORM_BUDGET,100,0.9907692307692307,1.0,0.025122971720853093,0.9858451283119435,0.995693333226518,100,0.996551724137931,1.0,0.011494252873563211,0.9942988505747127,0.9988045977011494,100,0.9940740740740741,1.0,0.010153250619886544,0.9920840369525763,0.9960641111955719,100,127.83,127.5,7.822597414096568,126.29677090683707,129.36322909316291,100,4815.07,4790.5,278.16855056827063,4760.548964088619,4869.5910359113805,100,2.1076923076923078,2.0,0.20307833580069462,2.0678889538753715,2.147495661509244,100,2.1279487179487178,2.0,0.20266898690772947,2.088225596514803,2.1676718393826326,100,2.6834817006465155,2.67827521586701,0.1655827786082675,2.651027476039295,2.715935925253736,100
RANDOM_COPY,0.2,EVENTGUARD,100,0.9892307692307692,1.0,0.02682577600152129,0.9839729171344711,0.9944886213270674,100,0.9841379310344828,1.0,0.024219893684718934,0.9793908318722778,0.9888850301966877,100,0.9596296296296296,0.9629629629629629,0.027275036505119477,0.9542837224746262,0.964975536784633,100,140.68,142.0,5.5611930992250835,139.5900061525519,141.76999384744812,100,5116.8,5161.0,193.95105078604266,5078.785594045936,5154.814405954065,100,3.0,3.0,9.727459440504585e-17,3.0,3.0,100,3.035,3.0,0.08718377200494425,3.017911980687031,3.0520880193129694,100,2.5173340111858655,2.512562814070352,0.1275123126601714,2.492341597904472,2.542326424467259,100
RANDOM_COPY,0.2,FIXED_1,100,0.7915384615384615,0.7692307692307693,0.12335584168657009,0.7673607165678938,0.8157162065090292,100,0.7975862068965517,0.7931034482758621,0.06959914427971758,0.783944774617727,0.8112276391753763,100,0.7964814814814815,0.7962962962962963,0.06085208513029491,0.7845544727959437,0.8084084901670192,100,54.0,54.0,0.0,54.0,54.0,100,1963.13,1963.0,42.71816376146703,1954.7572399027526,1971.5027600972476,100,1.0,1.0,0.0,1.0,1.0,100,1.2988690476190476,1.3,0.2364570583654808,1.2525234641794134,1.3452146310586819,100,5.232754309741641,5.162622612287042,0.7537356049752119,5.085022131166499,5.380486488316783,100
RANDOM_COPY,0.2,FIXED_2,100,0.96,1.0,0.06693508809860159,0.9468807227326741,0.9731192772673258,100,0.9555172413793104,0.9655172413793104,0.040799078320401805,0.9475206220285116,0.9635138607301091,100,0.9574074074074074,0.9629629629629629,0.03075175927905782,0.951380062588712,0.9634347522261028,100,108.0,108.0,0.0,108.0,108.0,100,3932.5,3939.0,58.240445524991436,3921.084872677102,3943.915127322898,100,2.0,2.0,0.0,2.0,2.0,100,2.0952323232323233,2.0,0.1736597705876535,2.061195008197143,2.1292696382675036,100,3.172944046111703,3.262651423218582,0.20958689100637518,3.1318650154744536,3.2140230767489526,100
RANDOM_COPY,0.2,FIXED_3,100,0.9892307692307692,1.0,0.02682577600152129,0.9839729171344711,0.9944886213270674,100,0.9882758620689656,1.0,0.019738985479821725,0.9844070209149205,0.9921447032230106,100,0.9894444444444445,1.0,0.013486822817599404,0.986801027172195,0.9920878617166939,100,162.0,162.0,0.0,162.0,162.0,100,5894.33,5889.0,80.05415528114564,5878.639385564896,5910.020614435104,100,3.0,3.0,0.0,3.0,3.0,100,3.035,3.0,0.08718377200494425,3.017911980687031,3.0520880193129694,100,2.181883838817349,2.192982456140351,0.05691448269152408,2.1707286002098103,2.1930390774248876,100
RANDOM_COPY,0.2,IMPORTANCE_ONLY,100,0.9892307692307692,1.0,0.02682577600152129,0.9839729171344711,0.9944886213270674,100,0.9572413793103448,0.9655172413793104,0.04104122889439951,0.9491972984470425,0.9652854601736471,100,0.9298148148148148,0.9444444444444444,0.03494810551939505,0.9229649861330134,0.9366646434966162,100,112.0,112.0,0.0,112.0,112.0,100,4076.8,4082.0,57.25011578657075,4065.5789773058323,4088.021022694168,100,3.0,3.0,0.0,3.0,3.0,100,3.035,3.0,0.08718377200494425,3.017911980687031,3.0520880193129694,100,3.1546642288548297,3.1746031746031744,0.08323912700311817,3.1383493599622185,3.170979097747441,100
RANDOM_COPY,0.2,LINK_ONLY,100,0.9415384615384615,0.9230769230769231,0.06925234922232566,0.9279650010908858,0.9551119219860373,100,0.9386206896551724,0.9482758620689655,0.048414985879219836,0.9291313524228454,0.9481100268874995,100,0.9333333333333333,0.9351851851851851,0.03411601381272876,0.9266465946260385,0.9400200720406282,100,107.02,107.0,11.78680995388018,104.70978524903948,109.33021475096051,100,3894.93,3906.5,403.66616007274973,3815.811432625741,3974.0485673742587,100,1.9730769230769232,2.0,0.311433164934927,1.9120360227496775,2.034117823404169,100,2.1073100233100233,2.0769230769230766,0.3719845743118642,2.034401046744898,2.1802189998751484,100,3.180922895644193,3.137256831838113,0.43919932553698326,3.094839827838944,3.2670059634494417,100
RANDOM_COPY,0.2,RANDOM_BUDGET,100,0.9769230769230769,1.0,0.045737568462351,0.967958513504456,0.9858876403416977,100,0.9772413793103448,1.0,0.030300147594661618,0.9713025503817911,0.9831802082388985,100,0.9772222222222222,0.9814814814814815,0.021032993873334356,0.9730997554230487,0.9813446890213957,100,140.68,142.0,5.5611930992250835,139.5900061525519,141.76999384744812,100,5118.36,5161.0,194.39133289071893,5080.259298753419,5156.46070124658,100,2.6053846153846156,2.6153846153846154,0.14735935988443416,2.5765021808472666,2.6342670499219647,100,2.6737202797202797,2.6794871794871797,0.21066553352003065,2.632429835150354,2.7150107242902055,100,2.4855992664947704,2.4752475247524752,0.1627010154071926,2.4537098674749607,2.51748866551458,100
RANDOM_COPY,0.2,UNIFORM_BUDGET,100,0.9746153846153847,1.0,0.043808582711518045,0.9660289024039271,0.9832018668268422,100,0.9782758620689656,1.0,0.02713626444720327,0.9729571542373137,0.9835945699006174,100,0.9779629629629629,0.9814814814814815,0.01964317767226846,0.9741129001391983,0.9818130257867276,100,140.68,142.0,5.5611930992250835,139.5900061525519,141.76999384744812,100,5116.67,5167.5,193.73172406472543,5078.698582083314,5154.641417916686,100,2.486153846153846,2.5384615384615383,0.20798707104087066,2.445388380229835,2.526919312077857,100,2.5580990675990676,2.5384615384615383,0.2637389353982211,2.506406236261016,2.609791898937119,100,2.4803631569115634,2.4813895781637716,0.15645744867571676,2.449697496971123,2.511028816852004,100
RANDOM_COPY,0.3,EVENTGUARD,100,0.9723076923076923,1.0,0.04166173540838952,0.964141992167648,0.9804733924477367,100,0.9748275862068966,0.9655172413793104,0.026779837685433433,0.9695787380205516,0.9800764343932415,100,0.9333333333333333,0.9444444444444444,0.03223660295475886,0.9270149591542006,0.9396517075124661,100,142.65,143.0,3.002944682753375,142.06142284218035,143.23857715781966,100,5007.6,5011.5,124.99244421608496,4983.1014809336475,5032.098519066353,100,3.0,3.0,9.727459440504585e-17,3.0,3.0,100,3.0913636363636363,3.0,0.1397266660201084,3.0639772098236953,3.1187500629035774,100,2.525514539631032,2.5477748351248897,0.12163639569731821,2.5016738060743577,2.5493552731877065,100
RANDOM_COPY,0.3,FIXED_1,100,0.7038461538461539,0.6923076923076923,0.13045806023716566,0.6782763740396694,0.7294159336526383,100,0.6962068965517242,0.6896551724137931,0.07928611081603482,0.6806668188317814,0.711746974271667,100,0.7014814814814815,0.7037037037037037,0.05798288725017981,0.6901168355804462,0.7128461273825167,100,54.0,54.0,0.0,54.0,54.0,100,1896.44,1898.0,40.70398684962623,1888.4620185774734,1904.4179814225267,100,1.0,1.0,0.0,1.0,1.0,100,1.4754419191919192,1.4444444444444444,0.316196462975515,1.4134674124487183,1.5374164259351202,100,4.817910134937123,4.758184658987682,0.8515970331085679,4.650997116447844,4.984823153426403,100
RANDOM_COPY,0.3,FIXED_2,100,0.9184615384615384,0.9230769230769231,0.08596438263712929,0.9016125194646611,0.9353105574584157,100,0.9065517241379311,0.896551724137931,0.05353163688365526,0.8960595233087346,0.9170439249671275,100,0.9107407407407407,0.9074074074074074,0.037258968447804824,0.903437982924971,0.9180434985565105,100,108.0,108.0,0.0,108.0,108.0,100,3795.74,3796.0,64.29974315420684,3783.137250341775,3808.3427496582244,100,2.0,2.0,0.0,2.0,2.0,100,2.200121212121212,2.1666666666666665,0.2468799045312302,2.151732750833091,2.248509673409333,100,3.144725438101071,3.161222339304531,0.2822967519704859,3.089395274714856,3.2000556014872865,100
RANDOM_COPY,0.3,FIXED_3,100,0.9723076923076923,1.0,0.04166173540838952,0.964141992167648,0.9804733924477367,100,0.9758620689655173,0.9655172413793104,0.026620144624570526,0.9706445206191014,0.9810796173119332,100,0.9731481481481481,0.9814814814814815,0.022392260047955987,0.9687592651787488,0.9775370311175474,100,162.0,162.0,0.0,162.0,162.0,100,5686.98,5681.0,89.19856184010723,5669.497081879338,5704.462918120661,100,3.0,3.0,0.0,3.0,3.0,100,3.0913636363636363,3.0,0.1397266660201084,3.0639772098236953,3.1187500629035774,100,2.222628378805419,2.2573363431151243,0.08967128382174853,2.205052807176356,2.2402039504344815,100
RANDOM_COPY,0.3,IMPORTANCE_ONLY,100,0.9723076923076923,1.0,0.04166173540838952,0.964141992167648,0.9804733924477367,100,0.9124137931034483,0.9137931034482758,0.05333495475501652,0.901960141971465,0.9228674442354315,100,0.8822222222222222,0.8888888888888888,0.040650513972262915,0.8742547214836587,0.8901897229607858,100,112.0,112.0,0.0,112.0,112.0,100,3934.58,3939.0,63.01902550625149,3922.228271000775,3946.931728999225,100,3.0,3.0,0.0,3.0,3.0,100,3.0913636363636363,3.0,0.1397266660201084,3.0639772098236953,3.1187500629035774,100,3.212517697876353,3.257328990228013,0.12843457032264433,3.187344522093115,3.2376908736595915,100
RANDOM_COPY,0.3,LINK_ONLY,100,0.9384615384615385,0.9230769230769231,0.07574860983343552,0.9236148109341851,0.9533082659888918,100,0.9313793103448276,0.9310344827586207,0.05267214372335892,0.9210555701750492,0.9417030505146059,100,0.9251851851851852,0.9259259259259259,0.0377705149155021,0.9177821642617469,0.9325882061086236,100,129.48,129.0,11.331087121434349,127.25910692419886,131.70089307580113,100,4543.63,4511.0,376.5106315319206,4469.8339162197435,4617.426083780257,100,2.4015384615384616,2.384615384615385,0.2969331012716586,2.3433395736892164,2.459737349387707,100,2.5781177156177155,2.5384615384615383,0.4042679164405126,2.498881203995375,2.657354227240056,100,2.7024704000454975,2.726234656009135,0.30507207039324713,2.642676274248421,2.762264525842574,100
RANDOM_COPY,0.3,RANDOM_BUDGET,100,0.9492307692307692,0.9615384615384616,0.062060720929605,0.9370668679285666,0.9613946705329718,100,0.9555172413793104,0.9655172413793104,0.03868352106522088,0.9479352712505271,0.9630992115080936,100,0.9527777777777777,0.9629629629629629,0.030168936799517935,0.9468646661650723,0.9586908893904832,100,142.65,143.0,3.002944682753375,142.06142284218035,143.23857715781966,100,5010.98,5018.0,130.6473377787962,4985.3731217953555,5036.586878204644,100,2.643076923076923,2.6153846153846154,0.12538625994602698,2.618501216127502,2.6676526300263443,100,2.7962634032634033,2.769230769230769,0.22819081036162608,2.7515380044325246,2.840988802094282,100,2.4634542814236373,2.4813895781637716,0.1621644061727332,2.4316700578137818,2.495238505033493,100
RANDOM_COPY,0.3,UNIFORM_BUDGET,100,0.9438461538461539,0.9230769230769231,0.06170819637786533,0.9317513473560923,0.9559409603362155,100,0.9582758620689655,0.9655172413793104,0.03611430997678772,0.9511974573135151,0.9653542668244159,100,0.9525925925925925,0.9629629629629629,0.030277247209822472,0.9466582521394673,0.9585269330457178,100,142.65,143.0,3.002944682753375,142.06142284218035,143.23857715781966,100,5009.29,5005.0,127.88246616137472,4984.225036632371,5034.354963367629,100,2.579230769230769,2.5384615384615383,0.1062591957226859,2.5584039668691227,2.6000575715924157,100,2.745037296037296,2.75,0.2221786729272417,2.7014902761435566,2.7885843159310353,100,2.450382526714198,2.4783185514581234,0.16256459398293885,2.4185198662935417,2.482245187134854,100
