sha256,size_bytes,mtime_epoch,mtime_utc,path
a022da52e544b69c1f302227d8f07370bbef0880f6a8d8d0a761c5c6b8c98a48,4072,1790347377.406338,2026-09-25T14:42:57.406338+00:00,build/gateway/CMakeFiles/3.30.2/CMakeDetermineCompilerABI_C.bin
8390c7a345211d97cbe8c16792fa1ec8e5df41609c070972bab447d435601936,4092,1790347377.531711,2026-09-25T14:42:57.531711+00:00,build/gateway/CMakeFiles/3.30.2/CMakeDetermineCompilerABI_CXX.bin
a022da52e544b69c1f302227d8f07370bbef0880f6a8d8d0a761c5c6b8c98a48,4072,1790347486.476229,2026-09-25T14:44:46.476229+00:00,build/gateway/bootloader/CMakeFiles/3.30.2/CMakeDetermineCompilerABI_C.bin
8390c7a345211d97cbe8c16792fa1ec8e5df41609c070972bab447d435601936,4092,1790347487.119035,2026-09-25T14:44:47.119035+00:00,build/gateway/bootloader/CMakeFiles/3.30.2/CMakeDetermineCompilerABI_CXX.bin
3e8d4f4854faf9931e0708ce48d304606e799899b9b78fff4984dc60b90849be,20944,1790348706.8199983,2026-09-25T15:05:06.819998+00:00,build/gateway/bootloader/bootloader.bin
8cc6ad651eb39e01b830cb5f90deaf4c6e37ba9e60c5cde6b19098c029f67afa,254256,1790401331.0604427,2026-09-26T05:42:11.060443+00:00,build/gateway/eventguard.bin
7f00b6c042a89b15b0cac534f82ed988caf29278ff5700b0c511eb1b5bb7c820,3072,1790348650.2939076,2026-09-25T15:04:10.293908+00:00,build/gateway/partition_table/partition-table.bin
a022da52e544b69c1f302227d8f07370bbef0880f6a8d8d0a761c5c6b8c98a48,4072,1790347287.389563,2026-09-25T14:41:27.389563+00:00,build/sensor/CMakeFiles/3.30.2/CMakeDetermineCompilerABI_C.bin
8390c7a345211d97cbe8c16792fa1ec8e5df41609c070972bab447d435601936,4092,1790347287.610346,2026-09-25T14:41:27.610346+00:00,build/sensor/CMakeFiles/3.30.2/CMakeDetermineCompilerABI_CXX.bin
a022da52e544b69c1f302227d8f07370bbef0880f6a8d8d0a761c5c6b8c98a48,4072,1790347341.305377,2026-09-25T14:42:21.305377+00:00,build/sensor/bootloader/CMakeFiles/3.30.2/CMakeDetermineCompilerABI_C.bin
8390c7a345211d97cbe8c16792fa1ec8e5df41609c070972bab447d435601936,4092,1790347341.760384,2026-09-25T14:42:21.760384+00:00,build/sensor/bootloader/CMakeFiles/3.30.2/CMakeDetermineCompilerABI_CXX.bin
98b487173b888c11269b1882dfc87aba19d30935ed5ecf1032a9868aedc2075b,20944,1790348638.8383744,2026-09-25T15:03:58.838374+00:00,build/sensor/bootloader/bootloader.bin
f69ff72aba324d66e7f05e484199f5b4867dd025f8038742bf52436e32ce163e,285568,1790401318.2679458,2026-09-26T05:41:58.267946+00:00,build/sensor/eventguard.bin
7f00b6c042a89b15b0cac534f82ed988caf29278ff5700b0c511eb1b5bb7c820,3072,1790348569.885725,2026-09-25T15:02:49.885725+00:00,build/sensor/partition_table/partition-table.bin
