run_id,loss_model,loss_rate,seed,strategy,expected_execution_order,run_manifest,raw_log,audit_status,audit_errors,raw_sha256,firmware_images_sha256,physical_data_missing,physical_ack_missing,recorded_execution_order,recorded_data_copies,eventguard_reference_budget,trace_sha256,loss_calendar_sha256
uniform_budget_random_copy_20_seed31,RANDOM_COPY,0.2,31,UNIFORM_BUDGET,1,results/hardware_validation_v2_policy_v2/runs/stage1/uniform_budget_random_copy_20_seed31.json,results/hardware_validation_v2_policy_v2/raw/stage1/uniform_budget_random_copy_20_seed31.json,PASS,[],3f42f7e46d98d7d60b0d0c0186676d02f6e555964957a6247e277188b5cad792,"{'sensor': 'b3cecd078351cc6fe659b0087db05a67a4ca35ab610125a0f0381887281221b4', 'gateway': '6f69dffed65e2636b371401db45a483f951189e029b538c2f587d331428936ac'}",0,0,1,144,144,73d9ff14aa406239cc54fc6052f86d6589142d00af93eae773d64a41cfd38901,edf01eb778992a4b4b0144af5df82fa2fa9d3373141e21ea19e5624450d83776
importance_only_random_copy_20_seed31,RANDOM_COPY,0.2,31,IMPORTANCE_ONLY,2,results/hardware_validation_v2_policy_v2/runs/stage1/importance_only_random_copy_20_seed31.json,results/hardware_validation_v2_policy_v2/raw/stage1/importance_only_random_copy_20_seed31.json,PASS,[],7fc13602daf22cbebe19f088591b91f41194a84c6aa03df8489d5f9226503ff3,"{'sensor': 'b3cecd078351cc6fe659b0087db05a67a4ca35ab610125a0f0381887281221b4', 'gateway': '6f69dffed65e2636b371401db45a483f951189e029b538c2f587d331428936ac'}",0,0,2,112,144,73d9ff14aa406239cc54fc6052f86d6589142d00af93eae773d64a41cfd38901,edf01eb778992a4b4b0144af5df82fa2fa9d3373141e21ea19e5624450d83776
random_budget_random_copy_20_seed31,RANDOM_COPY,0.2,31,RANDOM_BUDGET,3,results/hardware_validation_v2_policy_v2/runs/stage1/random_budget_random_copy_20_seed31.json,results/hardware_validation_v2_policy_v2/raw/stage1/random_budget_random_copy_20_seed31.json,PASS,[],8e1488e92cfaa30bafbc27f19642e96918e3bef38b8ff564154adbf6f900ea54,"{'sensor': 'b3cecd078351cc6fe659b0087db05a67a4ca35ab610125a0f0381887281221b4', 'gateway': '6f69dffed65e2636b371401db45a483f951189e029b538c2f587d331428936ac'}",0,0,3,144,144,73d9ff14aa406239cc54fc6052f86d6589142d00af93eae773d64a41cfd38901,edf01eb778992a4b4b0144af5df82fa2fa9d3373141e21ea19e5624450d83776
eventguard_random_copy_20_seed31,RANDOM_COPY,0.2,31,EVENTGUARD,4,results/hardware_validation_v2_policy_v2/runs/stage1/eventguard_random_copy_20_seed31.json,results/hardware_validation_v2_policy_v2/raw/stage1/eventguard_random_copy_20_seed31.json,PASS,[],76dcbf96f583dc7cf6d24d9a20d26bde855ac9c983f4cc34bde80c48299dd6f1,"{'sensor': 'b3cecd078351cc6fe659b0087db05a67a4ca35ab610125a0f0381887281221b4', 'gateway': '6f69dffed65e2636b371401db45a483f951189e029b538c2f587d331428936ac'}",0,0,4,144,144,73d9ff14aa406239cc54fc6052f86d6589142d00af93eae773d64a41cfd38901,edf01eb778992a4b4b0144af5df82fa2fa9d3373141e21ea19e5624450d83776
random_budget_random_copy_30_seed31,RANDOM_COPY,0.3,31,RANDOM_BUDGET,5,results/hardware_validation_v2_policy_v2/runs/stage1/random_budget_random_copy_30_seed31.json,results/hardware_validation_v2_policy_v2/raw/stage1/random_budget_random_copy_30_seed31.json,PASS,[],6a1ac538da9b001d52a70d7a4bb6e32a42bd781d6862a2479b73d4f5ffa3a594,"{'sensor': 'b3cecd078351cc6fe659b0087db05a67a4ca35ab610125a0f0381887281221b4', 'gateway': '6f69dffed65e2636b371401db45a483f951189e029b538c2f587d331428936ac'}",0,0,5,147,147,73d9ff14aa406239cc54fc6052f86d6589142d00af93eae773d64a41cfd38901,34fcf944d5a5f2deebd80c1120b607781a2ef89e47da16c6969ff507407c3f48
uniform_budget_random_copy_30_seed31,RANDOM_COPY,0.3,31,UNIFORM_BUDGET,6,results/hardware_validation_v2_policy_v2/runs/stage1/uniform_budget_random_copy_30_seed31.json,results/hardware_validation_v2_policy_v2/raw/stage1/uniform_budget_random_copy_30_seed31.json,PASS,[],1ec53e8d58d00dbaf3cfed3d245fb9b91093c85b3c930f7613495acdc3a16778,"{'sensor': 'b3cecd078351cc6fe659b0087db05a67a4ca35ab610125a0f0381887281221b4', 'gateway': '6f69dffed65e2636b371401db45a483f951189e029b538c2f587d331428936ac'}",0,0,6,147,147,73d9ff14aa406239cc54fc6052f86d6589142d00af93eae773d64a41cfd38901,34fcf944d5a5f2deebd80c1120b607781a2ef89e47da16c6969ff507407c3f48
eventguard_random_copy_30_seed31,RANDOM_COPY,0.3,31,EVENTGUARD,7,results/hardware_validation_v2_policy_v2/runs/stage1/eventguard_random_copy_30_seed31.json,results/hardware_validation_v2_policy_v2/raw/stage1/eventguard_random_copy_30_seed31.json,PASS,[],71f8ca7bf7b1c63a89bdc0dff91820efcb8cb86b4cf1a25e3f32124f0aa172fe,"{'sensor': 'b3cecd078351cc6fe659b0087db05a67a4ca35ab610125a0f0381887281221b4', 'gateway': '6f69dffed65e2636b371401db45a483f951189e029b538c2f587d331428936ac'}",0,0,7,147,147,73d9ff14aa406239cc54fc6052f86d6589142d00af93eae773d64a41cfd38901,34fcf944d5a5f2deebd80c1120b607781a2ef89e47da16c6969ff507407c3f48
importance_only_random_copy_30_seed31,RANDOM_COPY,0.3,31,IMPORTANCE_ONLY,8,results/hardware_validation_v2_policy_v2/runs/stage1/importance_only_random_copy_30_seed31.json,results/hardware_validation_v2_policy_v2/raw/stage1/importance_only_random_copy_30_seed31.json,PASS,[],80ac855c8b014585dba0cbfac98b180c55edc13432899c487c6ee96abfd10940,"{'sensor': 'b3cecd078351cc6fe659b0087db05a67a4ca35ab610125a0f0381887281221b4', 'gateway': '6f69dffed65e2636b371401db45a483f951189e029b538c2f587d331428936ac'}",0,0,8,112,147,73d9ff14aa406239cc54fc6052f86d6589142d00af93eae773d64a41cfd38901,34fcf944d5a5f2deebd80c1120b607781a2ef89e47da16c6969ff507407c3f48
eventguard_burst_sample_20_seed31,BURST_SAMPLE,0.2,31,EVENTGUARD,9,results/hardware_validation_v2_policy_v2/runs/stage1/eventguard_burst_sample_20_seed31.json,results/hardware_validation_v2_policy_v2/raw/stage1/eventguard_burst_sample_20_seed31.json,PASS,[],84fdc4e3d03d8771ecd86f6d2e6735a3eaadda4d93bbcad78cadf3682ba72403,"{'sensor': 'b3cecd078351cc6fe659b0087db05a67a4ca35ab610125a0f0381887281221b4', 'gateway': '6f69dffed65e2636b371401db45a483f951189e029b538c2f587d331428936ac'}",0,0,9,126,126,73d9ff14aa406239cc54fc6052f86d6589142d00af93eae773d64a41cfd38901,0df8c8e5a52d3529cf975ec58f1988462d2576ced7f3776e236c991a7d7ec3d2
importance_only_burst_sample_20_seed31,BURST_SAMPLE,0.2,31,IMPORTANCE_ONLY,10,results/hardware_validation_v2_policy_v2/runs/stage1/importance_only_burst_sample_20_seed31.json,results/hardware_validation_v2_policy_v2/raw/stage1/importance_only_burst_sample_20_seed31.json,PASS,[],5f3baf0cb56af4b3729130a89b4fc78172e297c52397b6d3216f57d0b82b5d01,"{'sensor': 'b3cecd078351cc6fe659b0087db05a67a4ca35ab610125a0f0381887281221b4', 'gateway': '6f69dffed65e2636b371401db45a483f951189e029b538c2f587d331428936ac'}",0,0,10,112,126,73d9ff14aa406239cc54fc6052f86d6589142d00af93eae773d64a41cfd38901,0df8c8e5a52d3529cf975ec58f1988462d2576ced7f3776e236c991a7d7ec3d2
random_budget_burst_sample_20_seed31,BURST_SAMPLE,0.2,31,RANDOM_BUDGET,11,results/hardware_validation_v2_policy_v2/runs/stage1/random_budget_burst_sample_20_seed31.json,results/hardware_validation_v2_policy_v2/raw/stage1/random_budget_burst_sample_20_seed31.json,PASS,[],1783842070de51b67e0b2998eae2ae96d976889f3c3c39f551fc829fcf71d2b4,"{'sensor': 'b3cecd078351cc6fe659b0087db05a67a4ca35ab610125a0f0381887281221b4', 'gateway': '6f69dffed65e2636b371401db45a483f951189e029b538c2f587d331428936ac'}",0,0,11,126,126,73d9ff14aa406239cc54fc6052f86d6589142d00af93eae773d64a41cfd38901,0df8c8e5a52d3529cf975ec58f1988462d2576ced7f3776e236c991a7d7ec3d2
uniform_budget_burst_sample_20_seed31,BURST_SAMPLE,0.2,31,UNIFORM_BUDGET,12,results/hardware_validation_v2_policy_v2/runs/stage1/uniform_budget_burst_sample_20_seed31.json,results/hardware_validation_v2_policy_v2/raw/stage1/uniform_budget_burst_sample_20_seed31.json,PASS,[],19eec9831a947fe695a967cc9a4d17b1d6be8dfba4d3dd25b8c819f362fd2d1b,"{'sensor': 'b3cecd078351cc6fe659b0087db05a67a4ca35ab610125a0f0381887281221b4', 'gateway': '6f69dffed65e2636b371401db45a483f951189e029b538c2f587d331428936ac'}",0,0,12,126,126,73d9ff14aa406239cc54fc6052f86d6589142d00af93eae773d64a41cfd38901,0df8c8e5a52d3529cf975ec58f1988462d2576ced7f3776e236c991a7d7ec3d2
eventguard_burst_sample_30_seed31,BURST_SAMPLE,0.3,31,EVENTGUARD,13,results/hardware_validation_v2_policy_v2/runs/stage1/eventguard_burst_sample_30_seed31.json,results/hardware_validation_v2_policy_v2/raw/stage1/eventguard_burst_sample_30_seed31.json,PASS,[],eccd4a7b2a29f31d6c335f3d659b0ebd2539bc01a029f0e7e8dacdb8f694de8c,"{'sensor': 'b3cecd078351cc6fe659b0087db05a67a4ca35ab610125a0f0381887281221b4', 'gateway': '6f69dffed65e2636b371401db45a483f951189e029b538c2f587d331428936ac'}",0,0,13,137,137,73d9ff14aa406239cc54fc6052f86d6589142d00af93eae773d64a41cfd38901,0012280e94007e8708a86da413e2a8bd499776fd898e8840d2f546c22053d967
random_budget_burst_sample_30_seed31,BURST_SAMPLE,0.3,31,RANDOM_BUDGET,14,results/hardware_validation_v2_policy_v2/runs/stage1/random_budget_burst_sample_30_seed31.json,results/hardware_validation_v2_policy_v2/raw/stage1/random_budget_burst_sample_30_seed31.json,PASS,[],51da465082153a546ec4d6d47a83c5ae31673b9cee13a49faa9221a154502252,"{'sensor': 'b3cecd078351cc6fe659b0087db05a67a4ca35ab610125a0f0381887281221b4', 'gateway': '6f69dffed65e2636b371401db45a483f951189e029b538c2f587d331428936ac'}",0,0,14,137,137,73d9ff14aa406239cc54fc6052f86d6589142d00af93eae773d64a41cfd38901,0012280e94007e8708a86da413e2a8bd499776fd898e8840d2f546c22053d967
importance_only_burst_sample_30_seed31,BURST_SAMPLE,0.3,31,IMPORTANCE_ONLY,15,results/hardware_validation_v2_policy_v2/runs/stage1/importance_only_burst_sample_30_seed31.json,results/hardware_validation_v2_policy_v2/raw/stage1/importance_only_burst_sample_30_seed31.json,PASS,[],82cd867f5f07d2b385e930f2656a5a201d8b3b3a6e9034c9b8183443c1893e1f,"{'sensor': 'b3cecd078351cc6fe659b0087db05a67a4ca35ab610125a0f0381887281221b4', 'gateway': '6f69dffed65e2636b371401db45a483f951189e029b538c2f587d331428936ac'}",0,0,15,112,137,73d9ff14aa406239cc54fc6052f86d6589142d00af93eae773d64a41cfd38901,0012280e94007e8708a86da413e2a8bd499776fd898e8840d2f546c22053d967
uniform_budget_burst_sample_30_seed31,BURST_SAMPLE,0.3,31,UNIFORM_BUDGET,16,results/hardware_validation_v2_policy_v2/runs/stage1/uniform_budget_burst_sample_30_seed31.json,results/hardware_validation_v2_policy_v2/raw/stage1/uniform_budget_burst_sample_30_seed31.json,PASS,[],2c53e556d9cf47840e57015295f425e510185e6a78659d1fcc28bdd0784407cc,"{'sensor': 'b3cecd078351cc6fe659b0087db05a67a4ca35ab610125a0f0381887281221b4', 'gateway': '6f69dffed65e2636b371401db45a483f951189e029b538c2f587d331428936ac'}",0,0,16,137,137,73d9ff14aa406239cc54fc6052f86d6589142d00af93eae773d64a41cfd38901,0012280e94007e8708a86da413e2a8bd499776fd898e8840d2f546c22053d967
eventguard_random_copy_20_seed32,RANDOM_COPY,0.2,32,EVENTGUARD,17,results/hardware_validation_v2_policy_v2/runs/stage1/eventguard_random_copy_20_seed32.json,results/hardware_validation_v2_policy_v2/raw/stage1/eventguard_random_copy_20_seed32.json,PASS,[],389ade06cbb479808e1a7e82d78bcfe9d7f3afe1afca87d2ec396af870ea5ad6,"{'sensor': 'b3cecd078351cc6fe659b0087db05a67a4ca35ab610125a0f0381887281221b4', 'gateway': '6f69dffed65e2636b371401db45a483f951189e029b538c2f587d331428936ac'}",0,0,17,142,142,6119e7089b0af0e9dd68c482fb71ece1f09122f81807a2ccc71010aa4cade86f,1841d1ca305b8d1af55d0add49bee64dada50c33bd5f225226996cebe061f172
random_budget_random_copy_20_seed32,RANDOM_COPY,0.2,32,RANDOM_BUDGET,18,results/hardware_validation_v2_policy_v2/runs/stage1/random_budget_random_copy_20_seed32.json,results/hardware_validation_v2_policy_v2/raw/stage1/random_budget_random_copy_20_seed32.json,PASS,[],3a795c0b772c17956071f7f3b4bb5757b1fd7b726bfe35bc4824fb3679908f7f,"{'sensor': 'b3cecd078351cc6fe659b0087db05a67a4ca35ab610125a0f0381887281221b4', 'gateway': '6f69dffed65e2636b371401db45a483f951189e029b538c2f587d331428936ac'}",0,0,18,142,142,6119e7089b0af0e9dd68c482fb71ece1f09122f81807a2ccc71010aa4cade86f,1841d1ca305b8d1af55d0add49bee64dada50c33bd5f225226996cebe061f172
uniform_budget_random_copy_20_seed32,RANDOM_COPY,0.2,32,UNIFORM_BUDGET,19,results/hardware_validation_v2_policy_v2/runs/stage1/uniform_budget_random_copy_20_seed32.json,results/hardware_validation_v2_policy_v2/raw/stage1/uniform_budget_random_copy_20_seed32.json,PASS,[],5939d22ceb3141a6968b3b79f85c71d3d219ccaf7ba218682a75880ad1cfd441,"{'sensor': 'b3cecd078351cc6fe659b0087db05a67a4ca35ab610125a0f0381887281221b4', 'gateway': '6f69dffed65e2636b371401db45a483f951189e029b538c2f587d331428936ac'}",0,0,19,142,142,6119e7089b0af0e9dd68c482fb71ece1f09122f81807a2ccc71010aa4cade86f,1841d1ca305b8d1af55d0add49bee64dada50c33bd5f225226996cebe061f172
importance_only_random_copy_20_seed32,RANDOM_COPY,0.2,32,IMPORTANCE_ONLY,20,results/hardware_validation_v2_policy_v2/runs/stage1/importance_only_random_copy_20_seed32.json,results/hardware_validation_v2_policy_v2/raw/stage1/importance_only_random_copy_20_seed32.json,PASS,[],26f3b1e100c5fe6cb7815dc2e5e21ed89cc5f600a10323a9c30c9cecae9f148f,"{'sensor': 'b3cecd078351cc6fe659b0087db05a67a4ca35ab610125a0f0381887281221b4', 'gateway': '6f69dffed65e2636b371401db45a483f951189e029b538c2f587d331428936ac'}",0,0,20,112,142,6119e7089b0af0e9dd68c482fb71ece1f09122f81807a2ccc71010aa4cade86f,1841d1ca305b8d1af55d0add49bee64dada50c33bd5f225226996cebe061f172
importance_only_random_copy_30_seed32,RANDOM_COPY,0.3,32,IMPORTANCE_ONLY,21,results/hardware_validation_v2_policy_v2/runs/stage1/importance_only_random_copy_30_seed32.json,results/hardware_validation_v2_policy_v2/raw/stage1/importance_only_random_copy_30_seed32.json,PASS,[],a7e6a7e521ac0bb7827514a14bd35e9e2313129309cc1ba2bbdabd178e15eb87,"{'sensor': 'b3cecd078351cc6fe659b0087db05a67a4ca35ab610125a0f0381887281221b4', 'gateway': '6f69dffed65e2636b371401db45a483f951189e029b538c2f587d331428936ac'}",0,0,21,112,140,6119e7089b0af0e9dd68c482fb71ece1f09122f81807a2ccc71010aa4cade86f,48383dbed7e57ea942d68935d1755a867724ff8004039096221c67d477ea9465
uniform_budget_random_copy_30_seed32,RANDOM_COPY,0.3,32,UNIFORM_BUDGET,22,results/hardware_validation_v2_policy_v2/runs/stage1/uniform_budget_random_copy_30_seed32.json,results/hardware_validation_v2_policy_v2/raw/stage1/uniform_budget_random_copy_30_seed32.json,PASS,[],1911b4c8ad35a8d263c1bb14fb566dafdacbf94b70af2f690a653548a6dc3ee1,"{'sensor': 'b3cecd078351cc6fe659b0087db05a67a4ca35ab610125a0f0381887281221b4', 'gateway': '6f69dffed65e2636b371401db45a483f951189e029b538c2f587d331428936ac'}",0,0,22,140,140,6119e7089b0af0e9dd68c482fb71ece1f09122f81807a2ccc71010aa4cade86f,48383dbed7e57ea942d68935d1755a867724ff8004039096221c67d477ea9465
random_budget_random_copy_30_seed32,RANDOM_COPY,0.3,32,RANDOM_BUDGET,23,results/hardware_validation_v2_policy_v2/runs/stage1/random_budget_random_copy_30_seed32.json,results/hardware_validation_v2_policy_v2/raw/stage1/random_budget_random_copy_30_seed32.json,PASS,[],9d7f207e5c03e0b1c05dcdc07433ae2252c6d6e1234cf2c343404e9599d017cf,"{'sensor': 'b3cecd078351cc6fe659b0087db05a67a4ca35ab610125a0f0381887281221b4', 'gateway': '6f69dffed65e2636b371401db45a483f951189e029b538c2f587d331428936ac'}",0,0,23,140,140,6119e7089b0af0e9dd68c482fb71ece1f09122f81807a2ccc71010aa4cade86f,48383dbed7e57ea942d68935d1755a867724ff8004039096221c67d477ea9465
eventguard_random_copy_30_seed32,RANDOM_COPY,0.3,32,EVENTGUARD,24,results/hardware_validation_v2_policy_v2/runs/stage1/eventguard_random_copy_30_seed32.json,results/hardware_validation_v2_policy_v2/raw/stage1/eventguard_random_copy_30_seed32.json,PASS,[],63fd2ff257d21c010ba923bb40f06f0502d0abe60c31107900988bb44b1c4735,"{'sensor': 'b3cecd078351cc6fe659b0087db05a67a4ca35ab610125a0f0381887281221b4', 'gateway': '6f69dffed65e2636b371401db45a483f951189e029b538c2f587d331428936ac'}",0,0,24,140,140,6119e7089b0af0e9dd68c482fb71ece1f09122f81807a2ccc71010aa4cade86f,48383dbed7e57ea942d68935d1755a867724ff8004039096221c67d477ea9465
eventguard_burst_sample_20_seed32,BURST_SAMPLE,0.2,32,EVENTGUARD,25,results/hardware_validation_v2_policy_v2/runs/stage1/eventguard_burst_sample_20_seed32.json,results/hardware_validation_v2_policy_v2/raw/stage1/eventguard_burst_sample_20_seed32.json,PASS,[],97dca127e7cdce9c1718c82ae5139b4f5275ee570c2cb38050c00eb3f5b5c3de,"{'sensor': 'b3cecd078351cc6fe659b0087db05a67a4ca35ab610125a0f0381887281221b4', 'gateway': '6f69dffed65e2636b371401db45a483f951189e029b538c2f587d331428936ac'}",0,0,25,137,137,6119e7089b0af0e9dd68c482fb71ece1f09122f81807a2ccc71010aa4cade86f,079373013ec911504c069bb5544c329251298ccba704434800b96001eb65ff44
random_budget_burst_sample_20_seed32,BURST_SAMPLE,0.2,32,RANDOM_BUDGET,26,results/hardware_validation_v2_policy_v2/runs/stage1/random_budget_burst_sample_20_seed32.json,results/hardware_validation_v2_policy_v2/raw/stage1/random_budget_burst_sample_20_seed32.json,PASS,[],9e8a00c89eb400050124d5a0d4fc6a55819d053a37ee9ae41032b6f3d591ff8f,"{'sensor': 'b3cecd078351cc6fe659b0087db05a67a4ca35ab610125a0f0381887281221b4', 'gateway': '6f69dffed65e2636b371401db45a483f951189e029b538c2f587d331428936ac'}",0,0,26,137,137,6119e7089b0af0e9dd68c482fb71ece1f09122f81807a2ccc71010aa4cade86f,079373013ec911504c069bb5544c329251298ccba704434800b96001eb65ff44
importance_only_burst_sample_20_seed32,BURST_SAMPLE,0.2,32,IMPORTANCE_ONLY,27,results/hardware_validation_v2_policy_v2/runs/stage1/importance_only_burst_sample_20_seed32.json,results/hardware_validation_v2_policy_v2/raw/stage1/importance_only_burst_sample_20_seed32.json,PASS,[],d93649e9e15128d41fbb4e8bc2aee111659c00b7b9141449dafc5402accdd348,"{'sensor': 'b3cecd078351cc6fe659b0087db05a67a4ca35ab610125a0f0381887281221b4', 'gateway': '6f69dffed65e2636b371401db45a483f951189e029b538c2f587d331428936ac'}",0,0,27,112,137,6119e7089b0af0e9dd68c482fb71ece1f09122f81807a2ccc71010aa4cade86f,079373013ec911504c069bb5544c329251298ccba704434800b96001eb65ff44
uniform_budget_burst_sample_20_seed32,BURST_SAMPLE,0.2,32,UNIFORM_BUDGET,28,results/hardware_validation_v2_policy_v2/runs/stage1/uniform_budget_burst_sample_20_seed32.json,results/hardware_validation_v2_policy_v2/raw/stage1/uniform_budget_burst_sample_20_seed32.json,PASS,[],818a438a1f774a8f4f415ac37823f3d28bb72fe4799aa903ae0693d827669fd4,"{'sensor': 'b3cecd078351cc6fe659b0087db05a67a4ca35ab610125a0f0381887281221b4', 'gateway': '6f69dffed65e2636b371401db45a483f951189e029b538c2f587d331428936ac'}",0,0,28,137,137,6119e7089b0af0e9dd68c482fb71ece1f09122f81807a2ccc71010aa4cade86f,079373013ec911504c069bb5544c329251298ccba704434800b96001eb65ff44
eventguard_burst_sample_30_seed32,BURST_SAMPLE,0.3,32,EVENTGUARD,29,results/hardware_validation_v2_policy_v2/runs/stage1/eventguard_burst_sample_30_seed32.json,results/hardware_validation_v2_policy_v2/raw/stage1/eventguard_burst_sample_30_seed32.json,PASS,[],a559b1eee3aab2b5fb64cd7b8f27ae9e16acf86191a71555a7323754a5bfb741,"{'sensor': 'b3cecd078351cc6fe659b0087db05a67a4ca35ab610125a0f0381887281221b4', 'gateway': '6f69dffed65e2636b371401db45a483f951189e029b538c2f587d331428936ac'}",0,0,29,142,142,6119e7089b0af0e9dd68c482fb71ece1f09122f81807a2ccc71010aa4cade86f,3ee40cdcd9f583c49cafce209295ba313f5ec33c7fe01fba8a8f61e395bb2d29
uniform_budget_burst_sample_30_seed32,BURST_SAMPLE,0.3,32,UNIFORM_BUDGET,30,results/hardware_validation_v2_policy_v2/runs/stage1/uniform_budget_burst_sample_30_seed32.json,results/hardware_validation_v2_policy_v2/raw/stage1/uniform_budget_burst_sample_30_seed32.json,PASS,[],f5011ddf382004108af9950c472967789b22f7d3b00f6da7894ddf328b94e7f5,"{'sensor': 'b3cecd078351cc6fe659b0087db05a67a4ca35ab610125a0f0381887281221b4', 'gateway': '6f69dffed65e2636b371401db45a483f951189e029b538c2f587d331428936ac'}",0,0,30,142,142,6119e7089b0af0e9dd68c482fb71ece1f09122f81807a2ccc71010aa4cade86f,3ee40cdcd9f583c49cafce209295ba313f5ec33c7fe01fba8a8f61e395bb2d29
random_budget_burst_sample_30_seed32,BURST_SAMPLE,0.3,32,RANDOM_BUDGET,31,results/hardware_validation_v2_policy_v2/runs/stage1/random_budget_burst_sample_30_seed32.json,results/hardware_validation_v2_policy_v2/raw/stage1/random_budget_burst_sample_30_seed32.json,PASS,[],373879a8f58a0daefd32c82e0676057b914a3edbb67eb3ea69be7f140d2dd311,"{'sensor': 'b3cecd078351cc6fe659b0087db05a67a4ca35ab610125a0f0381887281221b4', 'gateway': '6f69dffed65e2636b371401db45a483f951189e029b538c2f587d331428936ac'}",0,0,31,142,142,6119e7089b0af0e9dd68c482fb71ece1f09122f81807a2ccc71010aa4cade86f,3ee40cdcd9f583c49cafce209295ba313f5ec33c7fe01fba8a8f61e395bb2d29
importance_only_burst_sample_30_seed32,BURST_SAMPLE,0.3,32,IMPORTANCE_ONLY,32,results/hardware_validation_v2_policy_v2/runs/stage1/importance_only_burst_sample_30_seed32.json,results/hardware_validation_v2_policy_v2/raw/stage1/importance_only_burst_sample_30_seed32.json,PASS,[],30f2b1ae5d61873e0a2db17e8f5a9e4948264487c196f04959386d27b37dfe46,"{'sensor': 'b3cecd078351cc6fe659b0087db05a67a4ca35ab610125a0f0381887281221b4', 'gateway': '6f69dffed65e2636b371401db45a483f951189e029b538c2f587d331428936ac'}",0,0,32,112,142,6119e7089b0af0e9dd68c482fb71ece1f09122f81807a2ccc71010aa4cade86f,3ee40cdcd9f583c49cafce209295ba313f5ec33c7fe01fba8a8f61e395bb2d29
random_budget_random_copy_20_seed33,RANDOM_COPY,0.2,33,RANDOM_BUDGET,33,results/hardware_validation_v2_policy_v2/runs/stage1/random_budget_random_copy_20_seed33.json,results/hardware_validation_v2_policy_v2/raw/stage1/random_budget_random_copy_20_seed33.json,PASS,[],0d2c4d8e09a03b6108aa9e455a17fcf8a08c4d2f72caba7e381d504283eaf8dd,"{'sensor': 'b3cecd078351cc6fe659b0087db05a67a4ca35ab610125a0f0381887281221b4', 'gateway': '6f69dffed65e2636b371401db45a483f951189e029b538c2f587d331428936ac'}",0,0,33,143,143,81de3b48689a54bac849bcf0dbe81e7c12b28d260f7a3f4dd8110beec101cfbb,e1b26f1fb75d7e6b18ef7f11d132bd5f1362f9f92de98206a112c4bad2d0ea03
importance_only_random_copy_20_seed33,RANDOM_COPY,0.2,33,IMPORTANCE_ONLY,34,results/hardware_validation_v2_policy_v2/runs/stage1/importance_only_random_copy_20_seed33.json,results/hardware_validation_v2_policy_v2/raw/stage1/importance_only_random_copy_20_seed33.json,PASS,[],e0cb418297222d41e499c7ab21b619f4377afa827e048317062308068727bd5a,"{'sensor': 'b3cecd078351cc6fe659b0087db05a67a4ca35ab610125a0f0381887281221b4', 'gateway': '6f69dffed65e2636b371401db45a483f951189e029b538c2f587d331428936ac'}",0,0,34,112,143,81de3b48689a54bac849bcf0dbe81e7c12b28d260f7a3f4dd8110beec101cfbb,e1b26f1fb75d7e6b18ef7f11d132bd5f1362f9f92de98206a112c4bad2d0ea03
eventguard_random_copy_20_seed33,RANDOM_COPY,0.2,33,EVENTGUARD,35,results/hardware_validation_v2_policy_v2/runs/stage1/eventguard_random_copy_20_seed33.json,results/hardware_validation_v2_policy_v2/raw/stage1/eventguard_random_copy_20_seed33.json,PASS,[],c6585e2ece82ea2ff2d1af945b94650183d6b59c9865f44c0af17eb6716ae09f,"{'sensor': 'b3cecd078351cc6fe659b0087db05a67a4ca35ab610125a0f0381887281221b4', 'gateway': '6f69dffed65e2636b371401db45a483f951189e029b538c2f587d331428936ac'}",0,0,35,143,143,81de3b48689a54bac849bcf0dbe81e7c12b28d260f7a3f4dd8110beec101cfbb,e1b26f1fb75d7e6b18ef7f11d132bd5f1362f9f92de98206a112c4bad2d0ea03
uniform_budget_random_copy_20_seed33,RANDOM_COPY,0.2,33,UNIFORM_BUDGET,36,results/hardware_validation_v2_policy_v2/runs/stage1/uniform_budget_random_copy_20_seed33.json,results/hardware_validation_v2_policy_v2/raw/stage1/uniform_budget_random_copy_20_seed33.json,PASS,[],fb32c60aa2bd004b1d30300cbb0ae427029cc65b38d0113fc812fef20ab05b68,"{'sensor': 'b3cecd078351cc6fe659b0087db05a67a4ca35ab610125a0f0381887281221b4', 'gateway': '6f69dffed65e2636b371401db45a483f951189e029b538c2f587d331428936ac'}",0,0,36,143,143,81de3b48689a54bac849bcf0dbe81e7c12b28d260f7a3f4dd8110beec101cfbb,e1b26f1fb75d7e6b18ef7f11d132bd5f1362f9f92de98206a112c4bad2d0ea03
importance_only_random_copy_30_seed33,RANDOM_COPY,0.3,33,IMPORTANCE_ONLY,37,results/hardware_validation_v2_policy_v2/runs/stage1/importance_only_random_copy_30_seed33.json,results/hardware_validation_v2_policy_v2/raw/stage1/importance_only_random_copy_30_seed33.json,PASS,[],df8f05b8bff7d9f7587154dbc8e488c1bc81b350f482756c057cd9aa87ae8ce3,"{'sensor': 'b3cecd078351cc6fe659b0087db05a67a4ca35ab610125a0f0381887281221b4', 'gateway': '6f69dffed65e2636b371401db45a483f951189e029b538c2f587d331428936ac'}",0,0,37,112,145,81de3b48689a54bac849bcf0dbe81e7c12b28d260f7a3f4dd8110beec101cfbb,4833a62152a88ee98696097786dbf701f665673426f577b8eac2c8baedeb4b0c
random_budget_random_copy_30_seed33,RANDOM_COPY,0.3,33,RANDOM_BUDGET,38,results/hardware_validation_v2_policy_v2/runs/stage1/random_budget_random_copy_30_seed33.json,results/hardware_validation_v2_policy_v2/raw/stage1/random_budget_random_copy_30_seed33.json,PASS,[],395f149c018d1a83e60bf836f1982bc9a2d764495b7bdf407f3468031cff5594,"{'sensor': 'b3cecd078351cc6fe659b0087db05a67a4ca35ab610125a0f0381887281221b4', 'gateway': '6f69dffed65e2636b371401db45a483f951189e029b538c2f587d331428936ac'}",0,0,38,145,145,81de3b48689a54bac849bcf0dbe81e7c12b28d260f7a3f4dd8110beec101cfbb,4833a62152a88ee98696097786dbf701f665673426f577b8eac2c8baedeb4b0c
uniform_budget_random_copy_30_seed33,RANDOM_COPY,0.3,33,UNIFORM_BUDGET,39,results/hardware_validation_v2_policy_v2/runs/stage1/uniform_budget_random_copy_30_seed33.json,results/hardware_validation_v2_policy_v2/raw/stage1/uniform_budget_random_copy_30_seed33.json,PASS,[],7c183389c3dbedfc414e598e18445f136a2df10950810fa55be15a3abce20c88,"{'sensor': 'b3cecd078351cc6fe659b0087db05a67a4ca35ab610125a0f0381887281221b4', 'gateway': '6f69dffed65e2636b371401db45a483f951189e029b538c2f587d331428936ac'}",0,0,39,145,145,81de3b48689a54bac849bcf0dbe81e7c12b28d260f7a3f4dd8110beec101cfbb,4833a62152a88ee98696097786dbf701f665673426f577b8eac2c8baedeb4b0c
eventguard_random_copy_30_seed33,RANDOM_COPY,0.3,33,EVENTGUARD,40,results/hardware_validation_v2_policy_v2/runs/stage1/eventguard_random_copy_30_seed33.json,results/hardware_validation_v2_policy_v2/raw/stage1/eventguard_random_copy_30_seed33.json,PASS,[],a8951e013181bae7cc51c6be57ab182c14e04e49e1874f1060a11a2a004b97a4,"{'sensor': 'b3cecd078351cc6fe659b0087db05a67a4ca35ab610125a0f0381887281221b4', 'gateway': '6f69dffed65e2636b371401db45a483f951189e029b538c2f587d331428936ac'}",0,0,40,145,145,81de3b48689a54bac849bcf0dbe81e7c12b28d260f7a3f4dd8110beec101cfbb,4833a62152a88ee98696097786dbf701f665673426f577b8eac2c8baedeb4b0c
importance_only_burst_sample_20_seed33,BURST_SAMPLE,0.2,33,IMPORTANCE_ONLY,41,results/hardware_validation_v2_policy_v2/runs/stage1/importance_only_burst_sample_20_seed33.json,results/hardware_validation_v2_policy_v2/raw/stage1/importance_only_burst_sample_20_seed33.json,PASS,[],1d07d45eb7af0eca7cbb3ea5fd13a557b46f1bb13b389eaeaf4634a041f64fd3,"{'sensor': 'b3cecd078351cc6fe659b0087db05a67a4ca35ab610125a0f0381887281221b4', 'gateway': '6f69dffed65e2636b371401db45a483f951189e029b538c2f587d331428936ac'}",0,0,41,112,132,81de3b48689a54bac849bcf0dbe81e7c12b28d260f7a3f4dd8110beec101cfbb,8335b5aa08494aac8e36941ab153413ec9cb90724d2b1abedaa59cc6f02ff491
eventguard_burst_sample_20_seed33,BURST_SAMPLE,0.2,33,EVENTGUARD,42,results/hardware_validation_v2_policy_v2/runs/stage1/eventguard_burst_sample_20_seed33.json,results/hardware_validation_v2_policy_v2/raw/stage1/eventguard_burst_sample_20_seed33.json,PASS,[],eaac58e5e6aed7386b21b9ef4e79c5cde9b744d3f4e6805cb15b3a5ce1e03fb7,"{'sensor': 'b3cecd078351cc6fe659b0087db05a67a4ca35ab610125a0f0381887281221b4', 'gateway': '6f69dffed65e2636b371401db45a483f951189e029b538c2f587d331428936ac'}",0,0,42,132,132,81de3b48689a54bac849bcf0dbe81e7c12b28d260f7a3f4dd8110beec101cfbb,8335b5aa08494aac8e36941ab153413ec9cb90724d2b1abedaa59cc6f02ff491
random_budget_burst_sample_20_seed33,BURST_SAMPLE,0.2,33,RANDOM_BUDGET,43,results/hardware_validation_v2_policy_v2/runs/stage1/random_budget_burst_sample_20_seed33.json,results/hardware_validation_v2_policy_v2/raw/stage1/random_budget_burst_sample_20_seed33.json,PASS,[],e9fdb0ddcc4758ce74a69a3f0e027530a70c2c9c20b12548e59f0a23b09a63d8,"{'sensor': 'b3cecd078351cc6fe659b0087db05a67a4ca35ab610125a0f0381887281221b4', 'gateway': '6f69dffed65e2636b371401db45a483f951189e029b538c2f587d331428936ac'}",0,0,43,132,132,81de3b48689a54bac849bcf0dbe81e7c12b28d260f7a3f4dd8110beec101cfbb,8335b5aa08494aac8e36941ab153413ec9cb90724d2b1abedaa59cc6f02ff491
uniform_budget_burst_sample_20_seed33,BURST_SAMPLE,0.2,33,UNIFORM_BUDGET,44,results/hardware_validation_v2_policy_v2/runs/stage1/uniform_budget_burst_sample_20_seed33.json,results/hardware_validation_v2_policy_v2/raw/stage1/uniform_budget_burst_sample_20_seed33.json,PASS,[],c52da799c0e9f8df2855c7b75a8f42eaa508552361020d0bc5301cb4211e10a1,"{'sensor': 'b3cecd078351cc6fe659b0087db05a67a4ca35ab610125a0f0381887281221b4', 'gateway': '6f69dffed65e2636b371401db45a483f951189e029b538c2f587d331428936ac'}",0,0,44,132,132,81de3b48689a54bac849bcf0dbe81e7c12b28d260f7a3f4dd8110beec101cfbb,8335b5aa08494aac8e36941ab153413ec9cb90724d2b1abedaa59cc6f02ff491
uniform_budget_burst_sample_30_seed33,BURST_SAMPLE,0.3,33,UNIFORM_BUDGET,45,results/hardware_validation_v2_policy_v2/runs/stage1/uniform_budget_burst_sample_30_seed33.json,results/hardware_validation_v2_policy_v2/raw/stage1/uniform_budget_burst_sample_30_seed33.json,PASS,[],f87670a3686bf77eed76b91f13ad5c7b2ad01548958a67441269b614d34987a8,"{'sensor': 'b3cecd078351cc6fe659b0087db05a67a4ca35ab610125a0f0381887281221b4', 'gateway': '6f69dffed65e2636b371401db45a483f951189e029b538c2f587d331428936ac'}",0,0,45,129,129,81de3b48689a54bac849bcf0dbe81e7c12b28d260f7a3f4dd8110beec101cfbb,449e7386dfbbabda2f8474dc572756706020fa5ef5b78710f45c564b1b8bc0df
random_budget_burst_sample_30_seed33,BURST_SAMPLE,0.3,33,RANDOM_BUDGET,46,results/hardware_validation_v2_policy_v2/runs/stage1/random_budget_burst_sample_30_seed33.json,results/hardware_validation_v2_policy_v2/raw/stage1/random_budget_burst_sample_30_seed33.json,PASS,[],fc4934630f0ca2af07001e9392079f9603674de483efeca2bbd8552b5a3233a3,"{'sensor': 'b3cecd078351cc6fe659b0087db05a67a4ca35ab610125a0f0381887281221b4', 'gateway': '6f69dffed65e2636b371401db45a483f951189e029b538c2f587d331428936ac'}",0,0,46,129,129,81de3b48689a54bac849bcf0dbe81e7c12b28d260f7a3f4dd8110beec101cfbb,449e7386dfbbabda2f8474dc572756706020fa5ef5b78710f45c564b1b8bc0df
eventguard_burst_sample_30_seed33,BURST_SAMPLE,0.3,33,EVENTGUARD,47,results/hardware_validation_v2_policy_v2/runs/stage1/eventguard_burst_sample_30_seed33.json,results/hardware_validation_v2_policy_v2/raw/stage1/eventguard_burst_sample_30_seed33.json,PASS,[],4387a7b1a6b04e7b46ee13313e41813e00887aed305af07182b75961a58d6213,"{'sensor': 'b3cecd078351cc6fe659b0087db05a67a4ca35ab610125a0f0381887281221b4', 'gateway': '6f69dffed65e2636b371401db45a483f951189e029b538c2f587d331428936ac'}",0,0,47,129,129,81de3b48689a54bac849bcf0dbe81e7c12b28d260f7a3f4dd8110beec101cfbb,449e7386dfbbabda2f8474dc572756706020fa5ef5b78710f45c564b1b8bc0df
importance_only_burst_sample_30_seed33,BURST_SAMPLE,0.3,33,IMPORTANCE_ONLY,48,results/hardware_validation_v2_policy_v2/runs/stage1/importance_only_burst_sample_30_seed33.json,results/hardware_validation_v2_policy_v2/raw/stage1/importance_only_burst_sample_30_seed33.json,PASS,[],8bc4c4185f784e87b82bcd302c4bc5f3e04f3c038e7281444f3b1132d21da877,"{'sensor': 'b3cecd078351cc6fe659b0087db05a67a4ca35ab610125a0f0381887281221b4', 'gateway': '6f69dffed65e2636b371401db45a483f951189e029b538c2f587d331428936ac'}",0,0,48,112,129,81de3b48689a54bac849bcf0dbe81e7c12b28d260f7a3f4dd8110beec101cfbb,449e7386dfbbabda2f8474dc572756706020fa5ef5b78710f45c564b1b8bc0df
eventguard_random_copy_20_seed34,RANDOM_COPY,0.2,34,EVENTGUARD,49,results/hardware_validation_v2_policy_v2/runs/stage1/eventguard_random_copy_20_seed34.json,results/hardware_validation_v2_policy_v2/raw/stage1/eventguard_random_copy_20_seed34.json,PASS,[],3c7c570b8fa7c2705e4c45ddae3051278ba0e5a7202e1df42862fdbb97f0cb1b,"{'sensor': 'b3cecd078351cc6fe659b0087db05a67a4ca35ab610125a0f0381887281221b4', 'gateway': '6f69dffed65e2636b371401db45a483f951189e029b538c2f587d331428936ac'}",0,0,49,144,144,3311278d0a1da75c7db630963f14ab90c2d0761099a18366d1464945dddd9c3b,8f33616b7c56cb9a58d51745b58e77612276e052fdb5c363b93eb61313f16f3e
uniform_budget_random_copy_20_seed34,RANDOM_COPY,0.2,34,UNIFORM_BUDGET,50,results/hardware_validation_v2_policy_v2/runs/stage1/uniform_budget_random_copy_20_seed34.json,results/hardware_validation_v2_policy_v2/raw/stage1/uniform_budget_random_copy_20_seed34.json,PASS,[],46ebadcb6c5f7c27a16a180bb20ee5a1e8c351a224c2cc23e1b45a6541434abd,"{'sensor': 'b3cecd078351cc6fe659b0087db05a67a4ca35ab610125a0f0381887281221b4', 'gateway': '6f69dffed65e2636b371401db45a483f951189e029b538c2f587d331428936ac'}",0,0,50,144,144,3311278d0a1da75c7db630963f14ab90c2d0761099a18366d1464945dddd9c3b,8f33616b7c56cb9a58d51745b58e77612276e052fdb5c363b93eb61313f16f3e
random_budget_random_copy_20_seed34,RANDOM_COPY,0.2,34,RANDOM_BUDGET,51,results/hardware_validation_v2_policy_v2/runs/stage1/random_budget_random_copy_20_seed34.json,results/hardware_validation_v2_policy_v2/raw/stage1/random_budget_random_copy_20_seed34.json,PASS,[],92769e564232af59304fd24b608437c6381ab9f938fb14da25c4e729805a1db1,"{'sensor': 'b3cecd078351cc6fe659b0087db05a67a4ca35ab610125a0f0381887281221b4', 'gateway': '6f69dffed65e2636b371401db45a483f951189e029b538c2f587d331428936ac'}",0,0,51,144,144,3311278d0a1da75c7db630963f14ab90c2d0761099a18366d1464945dddd9c3b,8f33616b7c56cb9a58d51745b58e77612276e052fdb5c363b93eb61313f16f3e
importance_only_random_copy_20_seed34,RANDOM_COPY,0.2,34,IMPORTANCE_ONLY,52,results/hardware_validation_v2_policy_v2/runs/stage1/importance_only_random_copy_20_seed34.json,results/hardware_validation_v2_policy_v2/raw/stage1/importance_only_random_copy_20_seed34.json,PASS,[],8387b120ab03d6aaf3cb83632d3f535e37f65c8b29bd8dfe7336a99f859d52ca,"{'sensor': 'b3cecd078351cc6fe659b0087db05a67a4ca35ab610125a0f0381887281221b4', 'gateway': '6f69dffed65e2636b371401db45a483f951189e029b538c2f587d331428936ac'}",0,0,52,112,144,3311278d0a1da75c7db630963f14ab90c2d0761099a18366d1464945dddd9c3b,8f33616b7c56cb9a58d51745b58e77612276e052fdb5c363b93eb61313f16f3e
importance_only_random_copy_30_seed34,RANDOM_COPY,0.3,34,IMPORTANCE_ONLY,53,results/hardware_validation_v2_policy_v2/runs/stage1/importance_only_random_copy_30_seed34.json,results/hardware_validation_v2_policy_v2/raw/stage1/importance_only_random_copy_30_seed34.json,PASS,[],b9d82a6e002d397b0a6f05e949e06b86fa828938d8a1cc7fc7e38ca9a3294eeb,"{'sensor': 'b3cecd078351cc6fe659b0087db05a67a4ca35ab610125a0f0381887281221b4', 'gateway': '6f69dffed65e2636b371401db45a483f951189e029b538c2f587d331428936ac'}",0,0,53,112,147,3311278d0a1da75c7db630963f14ab90c2d0761099a18366d1464945dddd9c3b,16fc2940b5a85d22a55673ed64cf7b566d38131fc007d1150d403e0f419a1976
random_budget_random_copy_30_seed34,RANDOM_COPY,0.3,34,RANDOM_BUDGET,54,results/hardware_validation_v2_policy_v2/runs/stage1/random_budget_random_copy_30_seed34.json,results/hardware_validation_v2_policy_v2/raw/stage1/random_budget_random_copy_30_seed34.json,PASS,[],b143f9713d9f8d85d43034217ba9fe9bc37b5b22f9deeb0499d50fc64df24e4c,"{'sensor': 'b3cecd078351cc6fe659b0087db05a67a4ca35ab610125a0f0381887281221b4', 'gateway': '6f69dffed65e2636b371401db45a483f951189e029b538c2f587d331428936ac'}",0,0,54,147,147,3311278d0a1da75c7db630963f14ab90c2d0761099a18366d1464945dddd9c3b,16fc2940b5a85d22a55673ed64cf7b566d38131fc007d1150d403e0f419a1976
uniform_budget_random_copy_30_seed34,RANDOM_COPY,0.3,34,UNIFORM_BUDGET,55,results/hardware_validation_v2_policy_v2/runs/stage1/uniform_budget_random_copy_30_seed34.json,results/hardware_validation_v2_policy_v2/raw/stage1/uniform_budget_random_copy_30_seed34.json,PASS,[],e9dd383d1e85c5d05324ee584f9d4b9a12ec56cd8d17291f60b15e44b19f15fa,"{'sensor': 'b3cecd078351cc6fe659b0087db05a67a4ca35ab610125a0f0381887281221b4', 'gateway': '6f69dffed65e2636b371401db45a483f951189e029b538c2f587d331428936ac'}",0,0,55,147,147,3311278d0a1da75c7db630963f14ab90c2d0761099a18366d1464945dddd9c3b,16fc2940b5a85d22a55673ed64cf7b566d38131fc007d1150d403e0f419a1976
eventguard_random_copy_30_seed34,RANDOM_COPY,0.3,34,EVENTGUARD,56,results/hardware_validation_v2_policy_v2/runs/stage1/eventguard_random_copy_30_seed34.json,results/hardware_validation_v2_policy_v2/raw/stage1/eventguard_random_copy_30_seed34.json,PASS,[],2899fbde3228a2a99a4bae3f2b7deccfe30ee3e7e291b89db7ea97cea36c508b,"{'sensor': 'b3cecd078351cc6fe659b0087db05a67a4ca35ab610125a0f0381887281221b4', 'gateway': '6f69dffed65e2636b371401db45a483f951189e029b538c2f587d331428936ac'}",0,0,56,147,147,3311278d0a1da75c7db630963f14ab90c2d0761099a18366d1464945dddd9c3b,16fc2940b5a85d22a55673ed64cf7b566d38131fc007d1150d403e0f419a1976
random_budget_burst_sample_20_seed34,BURST_SAMPLE,0.2,34,RANDOM_BUDGET,57,results/hardware_validation_v2_policy_v2/runs/stage1/random_budget_burst_sample_20_seed34.json,results/hardware_validation_v2_policy_v2/raw/stage1/random_budget_burst_sample_20_seed34.json,PASS,[],fb7ffbf71324d0b49a8562b17b36319daca2fa12b425cc4219134488f1fd9934,"{'sensor': 'b3cecd078351cc6fe659b0087db05a67a4ca35ab610125a0f0381887281221b4', 'gateway': '6f69dffed65e2636b371401db45a483f951189e029b538c2f587d331428936ac'}",0,0,57,136,136,3311278d0a1da75c7db630963f14ab90c2d0761099a18366d1464945dddd9c3b,2aaef4c619688959b9e01a3b8e5e3c155393fde65e75495fb23905423113a00b
eventguard_burst_sample_20_seed34,BURST_SAMPLE,0.2,34,EVENTGUARD,58,results/hardware_validation_v2_policy_v2/runs/stage1/eventguard_burst_sample_20_seed34.json,results/hardware_validation_v2_policy_v2/raw/stage1/eventguard_burst_sample_20_seed34.json,PASS,[],671c9e6155f636ab31b47ff0debfc7e3b284b628a0c57dda2dbf7929b62bfdf3,"{'sensor': 'b3cecd078351cc6fe659b0087db05a67a4ca35ab610125a0f0381887281221b4', 'gateway': '6f69dffed65e2636b371401db45a483f951189e029b538c2f587d331428936ac'}",0,0,58,136,136,3311278d0a1da75c7db630963f14ab90c2d0761099a18366d1464945dddd9c3b,2aaef4c619688959b9e01a3b8e5e3c155393fde65e75495fb23905423113a00b
importance_only_burst_sample_20_seed34,BURST_SAMPLE,0.2,34,IMPORTANCE_ONLY,59,results/hardware_validation_v2_policy_v2/runs/stage1/importance_only_burst_sample_20_seed34.json,results/hardware_validation_v2_policy_v2/raw/stage1/importance_only_burst_sample_20_seed34.json,PASS,[],f6217b869a113d737016f6c4d05c35f886a0fd24b064e63029be0da7d7727afb,"{'sensor': 'b3cecd078351cc6fe659b0087db05a67a4ca35ab610125a0f0381887281221b4', 'gateway': '6f69dffed65e2636b371401db45a483f951189e029b538c2f587d331428936ac'}",0,0,59,112,136,3311278d0a1da75c7db630963f14ab90c2d0761099a18366d1464945dddd9c3b,2aaef4c619688959b9e01a3b8e5e3c155393fde65e75495fb23905423113a00b
uniform_budget_burst_sample_20_seed34,BURST_SAMPLE,0.2,34,UNIFORM_BUDGET,60,results/hardware_validation_v2_policy_v2/runs/stage1/uniform_budget_burst_sample_20_seed34.json,results/hardware_validation_v2_policy_v2/raw/stage1/uniform_budget_burst_sample_20_seed34.json,PASS,[],863fa5d637f55e14d6ff0d074a6026873d08f741bfc8585df591556cf2efe65e,"{'sensor': 'b3cecd078351cc6fe659b0087db05a67a4ca35ab610125a0f0381887281221b4', 'gateway': '6f69dffed65e2636b371401db45a483f951189e029b538c2f587d331428936ac'}",0,0,60,136,136,3311278d0a1da75c7db630963f14ab90c2d0761099a18366d1464945dddd9c3b,2aaef4c619688959b9e01a3b8e5e3c155393fde65e75495fb23905423113a00b
random_budget_burst_sample_30_seed34,BURST_SAMPLE,0.3,34,RANDOM_BUDGET,61,results/hardware_validation_v2_policy_v2/runs/stage1/random_budget_burst_sample_30_seed34.json,results/hardware_validation_v2_policy_v2/raw/stage1/random_budget_burst_sample_30_seed34.json,PASS,[],6e9624ced3e579b6944ef9d2b83d312cc7e855147df3ba8300465d330d0008b3,"{'sensor': 'b3cecd078351cc6fe659b0087db05a67a4ca35ab610125a0f0381887281221b4', 'gateway': '6f69dffed65e2636b371401db45a483f951189e029b538c2f587d331428936ac'}",0,0,61,141,141,3311278d0a1da75c7db630963f14ab90c2d0761099a18366d1464945dddd9c3b,9c49150a3ccea8471d450c35176e4ce023cc20c9cd53e1b5d5a01124b3527356
eventguard_burst_sample_30_seed34,BURST_SAMPLE,0.3,34,EVENTGUARD,62,results/hardware_validation_v2_policy_v2/runs/stage1/eventguard_burst_sample_30_seed34.json,results/hardware_validation_v2_policy_v2/raw/stage1/eventguard_burst_sample_30_seed34.json,PASS,[],ffb5e60a1813590711600ca033e3eddd9149649fb90482792f8e90a96b533ba5,"{'sensor': 'b3cecd078351cc6fe659b0087db05a67a4ca35ab610125a0f0381887281221b4', 'gateway': '6f69dffed65e2636b371401db45a483f951189e029b538c2f587d331428936ac'}",0,0,62,141,141,3311278d0a1da75c7db630963f14ab90c2d0761099a18366d1464945dddd9c3b,9c49150a3ccea8471d450c35176e4ce023cc20c9cd53e1b5d5a01124b3527356
uniform_budget_burst_sample_30_seed34,BURST_SAMPLE,0.3,34,UNIFORM_BUDGET,63,results/hardware_validation_v2_policy_v2/runs/stage1/uniform_budget_burst_sample_30_seed34.json,results/hardware_validation_v2_policy_v2/raw/stage1/uniform_budget_burst_sample_30_seed34.json,PASS,[],09c04c44daac6e207ad605ccf5b6d6c25275c99c2acc12ba2a4c7263ad5e2aa0,"{'sensor': 'b3cecd078351cc6fe659b0087db05a67a4ca35ab610125a0f0381887281221b4', 'gateway': '6f69dffed65e2636b371401db45a483f951189e029b538c2f587d331428936ac'}",0,0,63,141,141,3311278d0a1da75c7db630963f14ab90c2d0761099a18366d1464945dddd9c3b,9c49150a3ccea8471d450c35176e4ce023cc20c9cd53e1b5d5a01124b3527356
importance_only_burst_sample_30_seed34,BURST_SAMPLE,0.3,34,IMPORTANCE_ONLY,64,results/hardware_validation_v2_policy_v2/runs/stage1/importance_only_burst_sample_30_seed34.json,results/hardware_validation_v2_policy_v2/raw/stage1/importance_only_burst_sample_30_seed34.json,PASS,[],365e427ec73edbc4447856f95f8c97edf26d16643f95aaf13b0263e3644450ea,"{'sensor': 'b3cecd078351cc6fe659b0087db05a67a4ca35ab610125a0f0381887281221b4', 'gateway': '6f69dffed65e2636b371401db45a483f951189e029b538c2f587d331428936ac'}",0,0,64,112,141,3311278d0a1da75c7db630963f14ab90c2d0761099a18366d1464945dddd9c3b,9c49150a3ccea8471d450c35176e4ce023cc20c9cd53e1b5d5a01124b3527356
random_budget_random_copy_20_seed35,RANDOM_COPY,0.2,35,RANDOM_BUDGET,65,results/hardware_validation_v2_policy_v2/runs/stage1/random_budget_random_copy_20_seed35.json,results/hardware_validation_v2_policy_v2/raw/stage1/random_budget_random_copy_20_seed35.json,PASS,[],10a6de750973d063b9db1e4fd566314a9d667a85393562f63da00b938c495ada,"{'sensor': 'b3cecd078351cc6fe659b0087db05a67a4ca35ab610125a0f0381887281221b4', 'gateway': '6f69dffed65e2636b371401db45a483f951189e029b538c2f587d331428936ac'}",0,0,65,148,148,f250c5873604ee96db60e34131c830b5e62e5eaacded034746890f6fa0985c21,aac4295dbf652860e4ed2283fe0c27b1090012952fbe63ab829d78566d8cb88a
uniform_budget_random_copy_20_seed35,RANDOM_COPY,0.2,35,UNIFORM_BUDGET,66,results/hardware_validation_v2_policy_v2/runs/stage1/uniform_budget_random_copy_20_seed35.json,results/hardware_validation_v2_policy_v2/raw/stage1/uniform_budget_random_copy_20_seed35.json,PASS,[],6583dc3674e344bdd1329474b80544010033a6093f0a40515e8654104e722d94,"{'sensor': 'b3cecd078351cc6fe659b0087db05a67a4ca35ab610125a0f0381887281221b4', 'gateway': '6f69dffed65e2636b371401db45a483f951189e029b538c2f587d331428936ac'}",0,0,66,148,148,f250c5873604ee96db60e34131c830b5e62e5eaacded034746890f6fa0985c21,aac4295dbf652860e4ed2283fe0c27b1090012952fbe63ab829d78566d8cb88a
importance_only_random_copy_20_seed35,RANDOM_COPY,0.2,35,IMPORTANCE_ONLY,67,results/hardware_validation_v2_policy_v2/runs/stage1/importance_only_random_copy_20_seed35.json,results/hardware_validation_v2_policy_v2/raw/stage1/importance_only_random_copy_20_seed35.json,PASS,[],7e91561345b6ad230bf9f37fc2481fb449a594e0a823ed093133aa6ddb5e752f,"{'sensor': 'b3cecd078351cc6fe659b0087db05a67a4ca35ab610125a0f0381887281221b4', 'gateway': '6f69dffed65e2636b371401db45a483f951189e029b538c2f587d331428936ac'}",0,0,67,112,148,f250c5873604ee96db60e34131c830b5e62e5eaacded034746890f6fa0985c21,aac4295dbf652860e4ed2283fe0c27b1090012952fbe63ab829d78566d8cb88a
eventguard_random_copy_20_seed35,RANDOM_COPY,0.2,35,EVENTGUARD,68,results/hardware_validation_v2_policy_v2/runs/stage1/eventguard_random_copy_20_seed35.json,results/hardware_validation_v2_policy_v2/raw/stage1/eventguard_random_copy_20_seed35.json,PASS,[],7ea9a4d75bddd9df563b933b14566f75d9d1d239c5ab30887a36fdf9fec317c2,"{'sensor': 'b3cecd078351cc6fe659b0087db05a67a4ca35ab610125a0f0381887281221b4', 'gateway': '6f69dffed65e2636b371401db45a483f951189e029b538c2f587d331428936ac'}",0,0,68,148,148,f250c5873604ee96db60e34131c830b5e62e5eaacded034746890f6fa0985c21,aac4295dbf652860e4ed2283fe0c27b1090012952fbe63ab829d78566d8cb88a
importance_only_random_copy_30_seed35,RANDOM_COPY,0.3,35,IMPORTANCE_ONLY,69,results/hardware_validation_v2_policy_v2/runs/stage1/importance_only_random_copy_30_seed35.json,results/hardware_validation_v2_policy_v2/raw/stage1/importance_only_random_copy_30_seed35.json,PASS,[],5eba3b1d935a3e9e9095b034573960b61784dd9f69ff91bd82621fcda8c9fb19,"{'sensor': 'b3cecd078351cc6fe659b0087db05a67a4ca35ab610125a0f0381887281221b4', 'gateway': '6f69dffed65e2636b371401db45a483f951189e029b538c2f587d331428936ac'}",0,0,69,112,148,f250c5873604ee96db60e34131c830b5e62e5eaacded034746890f6fa0985c21,bb3b79dacc872dc337f18123ca454f139c7a3761ac1b20d0b2628369bcf8da80
eventguard_random_copy_30_seed35,RANDOM_COPY,0.3,35,EVENTGUARD,70,results/hardware_validation_v2_policy_v2/runs/stage1/eventguard_random_copy_30_seed35.json,results/hardware_validation_v2_policy_v2/raw/stage1/eventguard_random_copy_30_seed35.json,PASS,[],e5ffe949e72cebab59314bb084271171b53cbc0c0cd61d68dd381516747a3903,"{'sensor': 'b3cecd078351cc6fe659b0087db05a67a4ca35ab610125a0f0381887281221b4', 'gateway': '6f69dffed65e2636b371401db45a483f951189e029b538c2f587d331428936ac'}",0,0,70,148,148,f250c5873604ee96db60e34131c830b5e62e5eaacded034746890f6fa0985c21,bb3b79dacc872dc337f18123ca454f139c7a3761ac1b20d0b2628369bcf8da80
random_budget_random_copy_30_seed35,RANDOM_COPY,0.3,35,RANDOM_BUDGET,71,results/hardware_validation_v2_policy_v2/runs/stage1/random_budget_random_copy_30_seed35.json,results/hardware_validation_v2_policy_v2/raw/stage1/random_budget_random_copy_30_seed35.json,PASS,[],3641fdb952556601c5a670364a8b66c0e574b4a6be88ed34e79bac8807be5c58,"{'sensor': 'b3cecd078351cc6fe659b0087db05a67a4ca35ab610125a0f0381887281221b4', 'gateway': '6f69dffed65e2636b371401db45a483f951189e029b538c2f587d331428936ac'}",0,0,71,148,148,f250c5873604ee96db60e34131c830b5e62e5eaacded034746890f6fa0985c21,bb3b79dacc872dc337f18123ca454f139c7a3761ac1b20d0b2628369bcf8da80
uniform_budget_random_copy_30_seed35,RANDOM_COPY,0.3,35,UNIFORM_BUDGET,72,results/hardware_validation_v2_policy_v2/runs/stage1/uniform_budget_random_copy_30_seed35.json,results/hardware_validation_v2_policy_v2/raw/stage1/uniform_budget_random_copy_30_seed35.json,PASS,[],b2910853f918c1528c1513552938c77057ad0207783fafeee21a3b9fb9655dd4,"{'sensor': 'b3cecd078351cc6fe659b0087db05a67a4ca35ab610125a0f0381887281221b4', 'gateway': '6f69dffed65e2636b371401db45a483f951189e029b538c2f587d331428936ac'}",0,0,72,148,148,f250c5873604ee96db60e34131c830b5e62e5eaacded034746890f6fa0985c21,bb3b79dacc872dc337f18123ca454f139c7a3761ac1b20d0b2628369bcf8da80
random_budget_burst_sample_20_seed35,BURST_SAMPLE,0.2,35,RANDOM_BUDGET,73,results/hardware_validation_v2_policy_v2/runs/stage1/random_budget_burst_sample_20_seed35.json,results/hardware_validation_v2_policy_v2/raw/stage1/random_budget_burst_sample_20_seed35.json,PASS,[],5847b84bb159a06fa24b5efcb8dab51fbc4f072497a891bde2cb702fb123fce8,"{'sensor': 'b3cecd078351cc6fe659b0087db05a67a4ca35ab610125a0f0381887281221b4', 'gateway': '6f69dffed65e2636b371401db45a483f951189e029b538c2f587d331428936ac'}",0,0,73,134,134,f250c5873604ee96db60e34131c830b5e62e5eaacded034746890f6fa0985c21,142d479951ba24bc490aa776309fa8bc351eec74d22f37cc578c16ff01d78d3c
uniform_budget_burst_sample_20_seed35,BURST_SAMPLE,0.2,35,UNIFORM_BUDGET,74,results/hardware_validation_v2_policy_v2/runs/stage1/uniform_budget_burst_sample_20_seed35.json,results/hardware_validation_v2_policy_v2/raw/stage1/uniform_budget_burst_sample_20_seed35.json,PASS,[],8f1cb90d467ffe9dc3a8183035f56b4282e513ee2e64ff2eeda30af1a44e72a7,"{'sensor': 'b3cecd078351cc6fe659b0087db05a67a4ca35ab610125a0f0381887281221b4', 'gateway': '6f69dffed65e2636b371401db45a483f951189e029b538c2f587d331428936ac'}",0,0,74,134,134,f250c5873604ee96db60e34131c830b5e62e5eaacded034746890f6fa0985c21,142d479951ba24bc490aa776309fa8bc351eec74d22f37cc578c16ff01d78d3c
eventguard_burst_sample_20_seed35,BURST_SAMPLE,0.2,35,EVENTGUARD,75,results/hardware_validation_v2_policy_v2/runs/stage1/eventguard_burst_sample_20_seed35.json,results/hardware_validation_v2_policy_v2/raw/stage1/eventguard_burst_sample_20_seed35.json,PASS,[],6f39f322971bd4126be080882b4a4ce2bb85abd81955cb0c57a7ece79d6eee00,"{'sensor': 'b3cecd078351cc6fe659b0087db05a67a4ca35ab610125a0f0381887281221b4', 'gateway': '6f69dffed65e2636b371401db45a483f951189e029b538c2f587d331428936ac'}",0,0,75,134,134,f250c5873604ee96db60e34131c830b5e62e5eaacded034746890f6fa0985c21,142d479951ba24bc490aa776309fa8bc351eec74d22f37cc578c16ff01d78d3c
importance_only_burst_sample_20_seed35,BURST_SAMPLE,0.2,35,IMPORTANCE_ONLY,76,results/hardware_validation_v2_policy_v2/runs/stage1/importance_only_burst_sample_20_seed35.json,results/hardware_validation_v2_policy_v2/raw/stage1/importance_only_burst_sample_20_seed35.json,PASS,[],bd505e3664d4d76f6ba1a241e9230f7f34b02034c3ad1cb3784c3b0a9f0dda3f,"{'sensor': 'b3cecd078351cc6fe659b0087db05a67a4ca35ab610125a0f0381887281221b4', 'gateway': '6f69dffed65e2636b371401db45a483f951189e029b538c2f587d331428936ac'}",0,0,76,112,134,f250c5873604ee96db60e34131c830b5e62e5eaacded034746890f6fa0985c21,142d479951ba24bc490aa776309fa8bc351eec74d22f37cc578c16ff01d78d3c
random_budget_burst_sample_30_seed35,BURST_SAMPLE,0.3,35,RANDOM_BUDGET,77,results/hardware_validation_v2_policy_v2/runs/stage1/random_budget_burst_sample_30_seed35.json,results/hardware_validation_v2_policy_v2/raw/stage1/random_budget_burst_sample_30_seed35.json,PASS,[],242cb8a993048bc2d1dd0432c2c3a73e7d5bf255bb9b6e19aebbcd61e04c9a5f,"{'sensor': 'b3cecd078351cc6fe659b0087db05a67a4ca35ab610125a0f0381887281221b4', 'gateway': '6f69dffed65e2636b371401db45a483f951189e029b538c2f587d331428936ac'}",0,0,77,141,141,f250c5873604ee96db60e34131c830b5e62e5eaacded034746890f6fa0985c21,ab1581904471b77cdcc48f7b6630474511e9e0ed3f456d43aafe62552f747621
uniform_budget_burst_sample_30_seed35,BURST_SAMPLE,0.3,35,UNIFORM_BUDGET,78,results/hardware_validation_v2_policy_v2/runs/stage1/uniform_budget_burst_sample_30_seed35.json,results/hardware_validation_v2_policy_v2/raw/stage1/uniform_budget_burst_sample_30_seed35.json,PASS,[],cbfc9accc84888b6a1c1088019decf579d8cf5215d8c672f28237abfe4aa026c,"{'sensor': 'b3cecd078351cc6fe659b0087db05a67a4ca35ab610125a0f0381887281221b4', 'gateway': '6f69dffed65e2636b371401db45a483f951189e029b538c2f587d331428936ac'}",0,0,78,141,141,f250c5873604ee96db60e34131c830b5e62e5eaacded034746890f6fa0985c21,ab1581904471b77cdcc48f7b6630474511e9e0ed3f456d43aafe62552f747621
eventguard_burst_sample_30_seed35,BURST_SAMPLE,0.3,35,EVENTGUARD,79,results/hardware_validation_v2_policy_v2/runs/stage1/eventguard_burst_sample_30_seed35.json,results/hardware_validation_v2_policy_v2/raw/stage1/eventguard_burst_sample_30_seed35.json,PASS,[],09281dd232ade32dd6f7fe32a25b127276b5af603170e6d2658bcc2f8c48933b,"{'sensor': 'b3cecd078351cc6fe659b0087db05a67a4ca35ab610125a0f0381887281221b4', 'gateway': '6f69dffed65e2636b371401db45a483f951189e029b538c2f587d331428936ac'}",0,0,79,141,141,f250c5873604ee96db60e34131c830b5e62e5eaacded034746890f6fa0985c21,ab1581904471b77cdcc48f7b6630474511e9e0ed3f456d43aafe62552f747621
importance_only_burst_sample_30_seed35,BURST_SAMPLE,0.3,35,IMPORTANCE_ONLY,80,results/hardware_validation_v2_policy_v2/runs/stage1/importance_only_burst_sample_30_seed35.json,results/hardware_validation_v2_policy_v2/raw/stage1/importance_only_burst_sample_30_seed35.json,PASS,[],11602cb9b1121acad0d864b8b4223751d2a7ed358a46161f7398fc88c30699b9,"{'sensor': 'b3cecd078351cc6fe659b0087db05a67a4ca35ab610125a0f0381887281221b4', 'gateway': '6f69dffed65e2636b371401db45a483f951189e029b538c2f587d331428936ac'}",0,0,80,112,141,f250c5873604ee96db60e34131c830b5e62e5eaacded034746890f6fa0985c21,ab1581904471b77cdcc48f7b6630474511e9e0ed3f456d43aafe62552f747621
importance_only_random_copy_20_seed36,RANDOM_COPY,0.2,36,IMPORTANCE_ONLY,81,results/hardware_validation_v2_policy_v2/runs/stage1/importance_only_random_copy_20_seed36.json,results/hardware_validation_v2_policy_v2/raw/stage1/importance_only_random_copy_20_seed36.json,PASS,[],0f324cb0a8f3b8dd300351b8453d19f0d1dbb66d4867e5c2c9d7c1325e235d15,"{'sensor': 'b3cecd078351cc6fe659b0087db05a67a4ca35ab610125a0f0381887281221b4', 'gateway': '6f69dffed65e2636b371401db45a483f951189e029b538c2f587d331428936ac'}",0,0,81,112,134,60ce6e544b21f1e8134e2af61817152ff93a013a5a7898e2614c90c9a9cbb846,4b0c9a4773ef38c5385b776191b4bf92dd7923d5bee478a6bf786ea1acbcda97
eventguard_random_copy_20_seed36,RANDOM_COPY,0.2,36,EVENTGUARD,82,results/hardware_validation_v2_policy_v2/runs/stage1/eventguard_random_copy_20_seed36.json,results/hardware_validation_v2_policy_v2/raw/stage1/eventguard_random_copy_20_seed36.json,PASS,[],8c1537a338df8fd388d15bee20f24607cf5c9a9e86832d5e09cb64cf4cb08b31,"{'sensor': 'b3cecd078351cc6fe659b0087db05a67a4ca35ab610125a0f0381887281221b4', 'gateway': '6f69dffed65e2636b371401db45a483f951189e029b538c2f587d331428936ac'}",0,0,82,134,134,60ce6e544b21f1e8134e2af61817152ff93a013a5a7898e2614c90c9a9cbb846,4b0c9a4773ef38c5385b776191b4bf92dd7923d5bee478a6bf786ea1acbcda97
uniform_budget_random_copy_20_seed36,RANDOM_COPY,0.2,36,UNIFORM_BUDGET,83,results/hardware_validation_v2_policy_v2/runs/stage1/uniform_budget_random_copy_20_seed36.json,results/hardware_validation_v2_policy_v2/raw/stage1/uniform_budget_random_copy_20_seed36.json,PASS,[],a4e4425cc14364c69a7f34d567eb1ee8f4df39b5ecad1eb7304b0c2beba0eb5a,"{'sensor': 'b3cecd078351cc6fe659b0087db05a67a4ca35ab610125a0f0381887281221b4', 'gateway': '6f69dffed65e2636b371401db45a483f951189e029b538c2f587d331428936ac'}",0,0,83,134,134,60ce6e544b21f1e8134e2af61817152ff93a013a5a7898e2614c90c9a9cbb846,4b0c9a4773ef38c5385b776191b4bf92dd7923d5bee478a6bf786ea1acbcda97
random_budget_random_copy_20_seed36,RANDOM_COPY,0.2,36,RANDOM_BUDGET,84,results/hardware_validation_v2_policy_v2/runs/stage1/random_budget_random_copy_20_seed36.json,results/hardware_validation_v2_policy_v2/raw/stage1/random_budget_random_copy_20_seed36.json,PASS,[],5c65b80209c1299900119081f8e4837592e7986e8c782d580fe4f2644ef88aab,"{'sensor': 'b3cecd078351cc6fe659b0087db05a67a4ca35ab610125a0f0381887281221b4', 'gateway': '6f69dffed65e2636b371401db45a483f951189e029b538c2f587d331428936ac'}",0,0,84,134,134,60ce6e544b21f1e8134e2af61817152ff93a013a5a7898e2614c90c9a9cbb846,4b0c9a4773ef38c5385b776191b4bf92dd7923d5bee478a6bf786ea1acbcda97
importance_only_random_copy_30_seed36,RANDOM_COPY,0.3,36,IMPORTANCE_ONLY,85,results/hardware_validation_v2_policy_v2/runs/stage1/importance_only_random_copy_30_seed36.json,results/hardware_validation_v2_policy_v2/raw/stage1/importance_only_random_copy_30_seed36.json,PASS,[],99daa2db1d0f31036469b66ee285beca38f55b481dbb38879c3032f5c34fc9f2,"{'sensor': 'b3cecd078351cc6fe659b0087db05a67a4ca35ab610125a0f0381887281221b4', 'gateway': '6f69dffed65e2636b371401db45a483f951189e029b538c2f587d331428936ac'}",0,0,85,112,143,60ce6e544b21f1e8134e2af61817152ff93a013a5a7898e2614c90c9a9cbb846,df4d96ddabd52a77843a4bb063d21a3e639e6cea1c05f0236edf06cffcd2b833
random_budget_random_copy_30_seed36,RANDOM_COPY,0.3,36,RANDOM_BUDGET,86,results/hardware_validation_v2_policy_v2/runs/stage1/random_budget_random_copy_30_seed36.json,results/hardware_validation_v2_policy_v2/raw/stage1/random_budget_random_copy_30_seed36.json,PASS,[],637c99b655a7c911cb706d09603079e0244a5893269889e6938764874baa6f84,"{'sensor': 'b3cecd078351cc6fe659b0087db05a67a4ca35ab610125a0f0381887281221b4', 'gateway': '6f69dffed65e2636b371401db45a483f951189e029b538c2f587d331428936ac'}",0,0,86,143,143,60ce6e544b21f1e8134e2af61817152ff93a013a5a7898e2614c90c9a9cbb846,df4d96ddabd52a77843a4bb063d21a3e639e6cea1c05f0236edf06cffcd2b833
uniform_budget_random_copy_30_seed36,RANDOM_COPY,0.3,36,UNIFORM_BUDGET,87,results/hardware_validation_v2_policy_v2/runs/stage1/uniform_budget_random_copy_30_seed36.json,results/hardware_validation_v2_policy_v2/raw/stage1/uniform_budget_random_copy_30_seed36.json,PASS,[],1b1c1aea2406268183e30c7e6afc0e62ba02cd23a689ec2ea27c31376a98af79,"{'sensor': 'b3cecd078351cc6fe659b0087db05a67a4ca35ab610125a0f0381887281221b4', 'gateway': '6f69dffed65e2636b371401db45a483f951189e029b538c2f587d331428936ac'}",0,0,87,143,143,60ce6e544b21f1e8134e2af61817152ff93a013a5a7898e2614c90c9a9cbb846,df4d96ddabd52a77843a4bb063d21a3e639e6cea1c05f0236edf06cffcd2b833
eventguard_random_copy_30_seed36,RANDOM_COPY,0.3,36,EVENTGUARD,88,results/hardware_validation_v2_policy_v2/runs/stage1/eventguard_random_copy_30_seed36.json,results/hardware_validation_v2_policy_v2/raw/stage1/eventguard_random_copy_30_seed36.json,PASS,[],852e6b00de44d0f3029157f293a007cefcdef1f723af779dcbb1e13f862225d9,"{'sensor': 'b3cecd078351cc6fe659b0087db05a67a4ca35ab610125a0f0381887281221b4', 'gateway': '6f69dffed65e2636b371401db45a483f951189e029b538c2f587d331428936ac'}",0,0,88,143,143,60ce6e544b21f1e8134e2af61817152ff93a013a5a7898e2614c90c9a9cbb846,df4d96ddabd52a77843a4bb063d21a3e639e6cea1c05f0236edf06cffcd2b833
random_budget_burst_sample_20_seed36,BURST_SAMPLE,0.2,36,RANDOM_BUDGET,89,results/hardware_validation_v2_policy_v2/runs/stage1/random_budget_burst_sample_20_seed36.json,results/hardware_validation_v2_policy_v2/raw/stage1/random_budget_burst_sample_20_seed36.json,PASS,[],c624b5bd01995af6dc78efe3fcad5ffb1566675e9e0471d13d82a16c0a70434e,"{'sensor': 'b3cecd078351cc6fe659b0087db05a67a4ca35ab610125a0f0381887281221b4', 'gateway': '6f69dffed65e2636b371401db45a483f951189e029b538c2f587d331428936ac'}",0,0,89,134,134,60ce6e544b21f1e8134e2af61817152ff93a013a5a7898e2614c90c9a9cbb846,8eaa597df6f7a8dc2e61e07a9fc58be2ba3cf2250ff29d952413a37679cc0d67
eventguard_burst_sample_20_seed36,BURST_SAMPLE,0.2,36,EVENTGUARD,90,results/hardware_validation_v2_policy_v2/runs/stage1/eventguard_burst_sample_20_seed36.json,results/hardware_validation_v2_policy_v2/raw/stage1/eventguard_burst_sample_20_seed36.json,PASS,[],b4e8e87da45e94b856b7d7684b3a61a29934beaa9266ddbf7d02958fed6bbeef,"{'sensor': 'b3cecd078351cc6fe659b0087db05a67a4ca35ab610125a0f0381887281221b4', 'gateway': '6f69dffed65e2636b371401db45a483f951189e029b538c2f587d331428936ac'}",0,0,90,134,134,60ce6e544b21f1e8134e2af61817152ff93a013a5a7898e2614c90c9a9cbb846,8eaa597df6f7a8dc2e61e07a9fc58be2ba3cf2250ff29d952413a37679cc0d67
importance_only_burst_sample_20_seed36,BURST_SAMPLE,0.2,36,IMPORTANCE_ONLY,91,results/hardware_validation_v2_policy_v2/runs/stage1/importance_only_burst_sample_20_seed36.json,results/hardware_validation_v2_policy_v2/raw/stage1/importance_only_burst_sample_20_seed36.json,PASS,[],da4e2653da46c664416c595b686b180b2e988e7e6efbb8d1c33f75e88e7d4ae0,"{'sensor': 'b3cecd078351cc6fe659b0087db05a67a4ca35ab610125a0f0381887281221b4', 'gateway': '6f69dffed65e2636b371401db45a483f951189e029b538c2f587d331428936ac'}",0,0,91,112,134,60ce6e544b21f1e8134e2af61817152ff93a013a5a7898e2614c90c9a9cbb846,8eaa597df6f7a8dc2e61e07a9fc58be2ba3cf2250ff29d952413a37679cc0d67
uniform_budget_burst_sample_20_seed36,BURST_SAMPLE,0.2,36,UNIFORM_BUDGET,92,results/hardware_validation_v2_policy_v2/runs/stage1/uniform_budget_burst_sample_20_seed36.json,results/hardware_validation_v2_policy_v2/raw/stage1/uniform_budget_burst_sample_20_seed36.json,PASS,[],ce2070995d5b33032703dcded33aa180b43924b4761c160e7843b1088b80c65e,"{'sensor': 'b3cecd078351cc6fe659b0087db05a67a4ca35ab610125a0f0381887281221b4', 'gateway': '6f69dffed65e2636b371401db45a483f951189e029b538c2f587d331428936ac'}",0,0,92,134,134,60ce6e544b21f1e8134e2af61817152ff93a013a5a7898e2614c90c9a9cbb846,8eaa597df6f7a8dc2e61e07a9fc58be2ba3cf2250ff29d952413a37679cc0d67
random_budget_burst_sample_30_seed36,BURST_SAMPLE,0.3,36,RANDOM_BUDGET,93,results/hardware_validation_v2_policy_v2/runs/stage1/random_budget_burst_sample_30_seed36.json,results/hardware_validation_v2_policy_v2/raw/stage1/random_budget_burst_sample_30_seed36.json,PASS,[],080f74dbced372c2073c157f7f71b39400a4632bab1b8dd16eb62d7c1db06712,"{'sensor': 'b3cecd078351cc6fe659b0087db05a67a4ca35ab610125a0f0381887281221b4', 'gateway': '6f69dffed65e2636b371401db45a483f951189e029b538c2f587d331428936ac'}",0,0,93,145,145,60ce6e544b21f1e8134e2af61817152ff93a013a5a7898e2614c90c9a9cbb846,8c2628535d60c96ba7e492ae1fd7f13920b3ba2e33fd006281a7c132f6af3015
uniform_budget_burst_sample_30_seed36,BURST_SAMPLE,0.3,36,UNIFORM_BUDGET,94,results/hardware_validation_v2_policy_v2/runs/stage1/uniform_budget_burst_sample_30_seed36.json,results/hardware_validation_v2_policy_v2/raw/stage1/uniform_budget_burst_sample_30_seed36.json,PASS,[],39c70c8d4b6f8733d7e0b14bffcc42bb9978ce485a32d826408812f58ccfba94,"{'sensor': 'b3cecd078351cc6fe659b0087db05a67a4ca35ab610125a0f0381887281221b4', 'gateway': '6f69dffed65e2636b371401db45a483f951189e029b538c2f587d331428936ac'}",0,0,94,145,145,60ce6e544b21f1e8134e2af61817152ff93a013a5a7898e2614c90c9a9cbb846,8c2628535d60c96ba7e492ae1fd7f13920b3ba2e33fd006281a7c132f6af3015
eventguard_burst_sample_30_seed36,BURST_SAMPLE,0.3,36,EVENTGUARD,95,results/hardware_validation_v2_policy_v2/runs/stage1/eventguard_burst_sample_30_seed36.json,results/hardware_validation_v2_policy_v2/raw/stage1/eventguard_burst_sample_30_seed36.json,PASS,[],8a617adc78a127e8fe158dab247ffd78d85c393bb163e6e6288a89413e4ea5ef,"{'sensor': 'b3cecd078351cc6fe659b0087db05a67a4ca35ab610125a0f0381887281221b4', 'gateway': '6f69dffed65e2636b371401db45a483f951189e029b538c2f587d331428936ac'}",0,0,95,145,145,60ce6e544b21f1e8134e2af61817152ff93a013a5a7898e2614c90c9a9cbb846,8c2628535d60c96ba7e492ae1fd7f13920b3ba2e33fd006281a7c132f6af3015
importance_only_burst_sample_30_seed36,BURST_SAMPLE,0.3,36,IMPORTANCE_ONLY,96,results/hardware_validation_v2_policy_v2/runs/stage1/importance_only_burst_sample_30_seed36.json,results/hardware_validation_v2_policy_v2/raw/stage1/importance_only_burst_sample_30_seed36.json,PASS,[],feaf6aa98627470cab0020115ea3e1d7450cc0b129a2fbb312cd4a6b7a16dce3,"{'sensor': 'b3cecd078351cc6fe659b0087db05a67a4ca35ab610125a0f0381887281221b4', 'gateway': '6f69dffed65e2636b371401db45a483f951189e029b538c2f587d331428936ac'}",0,0,96,112,145,60ce6e544b21f1e8134e2af61817152ff93a013a5a7898e2614c90c9a9cbb846,8c2628535d60c96ba7e492ae1fd7f13920b3ba2e33fd006281a7c132f6af3015
