loss_model,loss_rate,cost_type,strategy,mean_cost,mean_critical_delivery,pareto_frontier
RANDOM_COPY,0.2,data_copies,EVENTGUARD,142.5,0.9743589743589743,False
RANDOM_COPY,0.2,data_copies,IMPORTANCE_ONLY,112.0,0.9743589743589743,True
RANDOM_COPY,0.2,data_copies,RANDOM_BUDGET,142.5,0.9615384615384616,False
RANDOM_COPY,0.2,data_copies,UNIFORM_BUDGET,142.5,0.9743589743589743,False
RANDOM_COPY,0.2,total_bytes,EVENTGUARD,5154.5,0.9743589743589743,False
RANDOM_COPY,0.2,total_bytes,IMPORTANCE_ONLY,4056.0,0.9743589743589743,True
RANDOM_COPY,0.2,total_bytes,RANDOM_BUDGET,5167.5,0.9615384615384616,False
RANDOM_COPY,0.2,total_bytes,UNIFORM_BUDGET,5165.333333333333,0.9743589743589743,False
RANDOM_COPY,0.3,data_copies,EVENTGUARD,145.0,0.9487179487179487,False
RANDOM_COPY,0.3,data_copies,IMPORTANCE_ONLY,112.0,0.9487179487179487,True
RANDOM_COPY,0.3,data_copies,RANDOM_BUDGET,145.0,0.9230769230769231,False
RANDOM_COPY,0.3,data_copies,UNIFORM_BUDGET,145.0,0.9230769230769231,False
RANDOM_COPY,0.3,total_bytes,EVENTGUARD,5033.166666666667,0.9487179487179487,False
RANDOM_COPY,0.3,total_bytes,IMPORTANCE_ONLY,3913.0,0.9487179487179487,True
RANDOM_COPY,0.3,total_bytes,RANDOM_BUDGET,5063.5,0.9230769230769231,False
RANDOM_COPY,0.3,total_bytes,UNIFORM_BUDGET,5057.0,0.9230769230769231,False
BURST_SAMPLE,0.2,data_copies,EVENTGUARD,133.16666666666666,0.782051282051282,False
BURST_SAMPLE,0.2,data_copies,IMPORTANCE_ONLY,112.0,0.782051282051282,True
BURST_SAMPLE,0.2,data_copies,RANDOM_BUDGET,133.16666666666666,0.782051282051282,False
BURST_SAMPLE,0.2,data_copies,UNIFORM_BUDGET,133.16666666666666,0.782051282051282,False
BURST_SAMPLE,0.2,total_bytes,EVENTGUARD,4857.666666666667,0.782051282051282,False
BURST_SAMPLE,0.2,total_bytes,IMPORTANCE_ONLY,4084.1666666666665,0.782051282051282,True
BURST_SAMPLE,0.2,total_bytes,RANDOM_BUDGET,4851.166666666667,0.782051282051282,False
BURST_SAMPLE,0.2,total_bytes,UNIFORM_BUDGET,4862.0,0.782051282051282,False
BURST_SAMPLE,0.3,data_copies,EVENTGUARD,139.16666666666666,0.717948717948718,False
BURST_SAMPLE,0.3,data_copies,IMPORTANCE_ONLY,112.0,0.717948717948718,True
BURST_SAMPLE,0.3,data_copies,RANDOM_BUDGET,139.16666666666666,0.717948717948718,False
BURST_SAMPLE,0.3,data_copies,UNIFORM_BUDGET,139.16666666666666,0.717948717948718,False
BURST_SAMPLE,0.3,total_bytes,EVENTGUARD,4894.5,0.717948717948718,False
BURST_SAMPLE,0.3,total_bytes,IMPORTANCE_ONLY,3943.3333333333335,0.717948717948718,True
BURST_SAMPLE,0.3,total_bytes,RANDOM_BUDGET,4894.5,0.717948717948718,False
BURST_SAMPLE,0.3,total_bytes,UNIFORM_BUDGET,4920.5,0.717948717948718,False
