loss_model,loss_rate,strategy,n_seeds,seeds,critical_event_delivery_ratio_mean,critical_event_delivery_ratio_median,critical_event_delivery_ratio_std,critical_event_delivery_ratio_ci95_low,critical_event_delivery_ratio_ci95_high,important_event_delivery_ratio_mean,important_event_delivery_ratio_median,important_event_delivery_ratio_std,important_event_delivery_ratio_ci95_low,important_event_delivery_ratio_ci95_high,overall_delivery_ratio_mean,overall_delivery_ratio_median,overall_delivery_ratio_std,overall_delivery_ratio_ci95_low,overall_delivery_ratio_ci95_high,critical_event_miss_rate_mean,critical_event_miss_rate_median,critical_event_miss_rate_std,critical_event_miss_rate_ci95_low,critical_event_miss_rate_ci95_high,physical_data_transmissions_mean,physical_data_transmissions_median,physical_data_transmissions_std,physical_data_transmissions_ci95_low,physical_data_transmissions_ci95_high,redundant_copies_mean,redundant_copies_median,redundant_copies_std,redundant_copies_ci95_low,redundant_copies_ci95_high,physical_ack_frames_mean,physical_ack_frames_median,physical_ack_frames_std,physical_ack_frames_ci95_low,physical_ack_frames_ci95_high,data_bytes_transmitted_mean,data_bytes_transmitted_median,data_bytes_transmitted_std,data_bytes_transmitted_ci95_low,data_bytes_transmitted_ci95_high,ack_bytes_transmitted_mean,ack_bytes_transmitted_median,ack_bytes_transmitted_std,ack_bytes_transmitted_ci95_low,ack_bytes_transmitted_ci95_high,total_bytes_transmitted_mean,total_bytes_transmitted_median,total_bytes_transmitted_std,total_bytes_transmitted_ci95_low,total_bytes_transmitted_ci95_high,estimated_data_uart_time_ms_mean,estimated_data_uart_time_ms_median,estimated_data_uart_time_ms_std,estimated_data_uart_time_ms_ci95_low,estimated_data_uart_time_ms_ci95_high,estimated_ack_uart_time_ms_mean,estimated_ack_uart_time_ms_median,estimated_ack_uart_time_ms_std,estimated_ack_uart_time_ms_ci95_low,estimated_ack_uart_time_ms_ci95_high,estimated_communication_time_ms_mean,estimated_communication_time_ms_median,estimated_communication_time_ms_std,estimated_communication_time_ms_ci95_low,estimated_communication_time_ms_ci95_high,critical_delivery_per_1000_bytes_mean,critical_delivery_per_1000_bytes_median,critical_delivery_per_1000_bytes_std,critical_delivery_per_1000_bytes_ci95_low,critical_delivery_per_1000_bytes_ci95_high,critical_traffic_share_mean,critical_traffic_share_median,critical_traffic_share_std,critical_traffic_share_ci95_low,critical_traffic_share_ci95_high,first_copy_success_ratio_mean,first_copy_success_ratio_median,first_copy_success_ratio_std,first_copy_success_ratio_ci95_low,first_copy_success_ratio_ci95_high,accepted_ack_mean,accepted_ack_median,accepted_ack_std,accepted_ack_ci95_low,accepted_ack_ci95_high,good_count_mean,good_count_median,good_count_std,good_count_ci95_low,good_count_ci95_high,degraded_count_mean,degraded_count_median,degraded_count_std,degraded_count_ci95_low,degraded_count_ci95_high,bad_count_mean,bad_count_median,bad_count_std,bad_count_ci95_low,bad_count_ci95_high,link_state_transitions_mean,link_state_transitions_median,link_state_transitions_std,link_state_transitions_ci95_low,link_state_transitions_ci95_high
BURST_SAMPLE,0.2,EVENTGUARD,6,31;32;33;34;35;36,0.782051282051282,0.7692307692307693,0.13249241725911604,0.642986398935607,0.921116165166957,0.8448275862068966,0.8448275862068966,0.05229569271759692,0.7899376948027491,0.899717477611044,0.7962962962962963,0.7962962962962963,0.0,0.7962962962962963,0.7962962962962963,0.21794871794871792,0.23076923076923073,0.13249241725911604,0.07888383483304298,0.35701360106439284,133.16666666666666,134.0,3.9200340134578764,129.05217405517737,137.28115927815594,79.16666666666667,80.0,3.9200340134578764,75.05217405517737,83.28115927815597,107.33333333333333,106.5,5.202563470700445,101.87268965332636,112.7939770133403,3462.3333333333335,3484.0,101.92088434990478,3355.3565254346117,3569.3101412320552,1395.3333333333333,1384.5,67.63332511910579,1324.3449654932426,1466.321701173424,4857.666666666667,4849.0,157.8666103603503,4691.968869224456,5023.364464108878,3606.597222222222,3629.1666666666665,106.16758786448413,3495.1630473277205,3718.031397116724,1453.4722222222222,1442.1875,70.45138033240187,1379.5260057221278,1527.4184387223165,5060.069444444444,5051.041666666666,164.44438579203165,4887.467572108808,5232.671316780081,2.0873936055402926,2.065082531231255,0.2988456768627376,1.7737232840058583,2.401063927074727,0.29308402432437153,0.291044776119403,0.008887145466891738,0.2837560199664447,0.3024120286822984,0.6450617283950617,0.6388888888888888,0.027258521192369888,0.6164510113295744,0.673672445460549,84.66666666666667,84.0,3.669695718539436,80.8149307203692,88.51840261296414,15.833333333333334,14.0,4.262237284181474,11.359661994265164,20.307004672401504,26.166666666666668,27.5,6.794605703546503,19.035005341982213,33.29832799135112,12.0,11.5,3.898717737923586,7.907881086771792,16.09211891322821,10.833333333333334,10.5,0.983192080250175,9.801368677930835,11.865297988735833
BURST_SAMPLE,0.2,IMPORTANCE_ONLY,6,31;32;33;34;35;36,0.782051282051282,0.7692307692307693,0.13249241725911604,0.642986398935607,0.921116165166957,0.8448275862068966,0.8448275862068966,0.05229569271759692,0.7899376948027491,0.899717477611044,0.7962962962962963,0.7962962962962963,0.0,0.7962962962962963,0.7962962962962963,0.21794871794871792,0.23076923076923073,0.13249241725911604,0.07888383483304298,0.35701360106439284,112.0,112.0,0.0,112.0,112.0,58.0,58.0,0.0,58.0,58.0,90.16666666666667,88.5,3.9200340134578764,86.05217405517737,94.28115927815597,2912.0,2912.0,0.0,2912.0,2912.0,1172.1666666666667,1150.5,50.96044217495239,1118.6782627173059,1225.6550706160276,4084.1666666666665,4062.5,50.96044217495239,4030.6782627173056,4137.655070616027,3033.3333333333335,3033.3333333333335,0.0,3033.3333333333335,3033.3333333333335,1221.0069444444443,1198.4375,53.083793932242024,1165.2898569971935,1276.7240318916952,4254.340277777777,4231.770833333334,53.08379393224218,4198.623190330526,4310.057365225029,2.4861861041584206,2.4576313772786094,0.3938715784320703,2.0727759924678697,2.8995962158489714,0.3482142857142857,0.3482142857142857,0.0,0.3482142857142857,0.3482142857142857,0.6450617283950617,0.6388888888888888,0.027258521192369888,0.6164510113295744,0.673672445460549,71.5,71.5,3.449637662132068,67.87923838812881,75.12076161187119,15.833333333333334,14.0,4.262237284181474,11.359661994265164,20.307004672401504,26.166666666666668,27.5,6.794605703546503,19.035005341982213,33.29832799135112,12.0,11.5,3.898717737923586,7.907881086771792,16.09211891322821,10.833333333333334,10.5,0.983192080250175,9.801368677930835,11.865297988735833
BURST_SAMPLE,0.2,RANDOM_BUDGET,6,31;32;33;34;35;36,0.782051282051282,0.7692307692307693,0.13249241725911604,0.642986398935607,0.921116165166957,0.8448275862068966,0.8448275862068966,0.05229569271759692,0.7899376948027491,0.899717477611044,0.7962962962962963,0.7962962962962963,0.0,0.7962962962962963,0.7962962962962963,0.21794871794871792,0.23076923076923073,0.13249241725911604,0.07888383483304298,0.35701360106439284,133.16666666666666,134.0,3.9200340134578764,129.05217405517737,137.28115927815594,79.16666666666667,80.0,3.9200340134578764,75.05217405517737,83.28115927815597,106.83333333333333,108.0,3.3115957885386114,103.35746134921193,110.30920531745473,3462.3333333333335,3484.0,101.92088434990478,3355.3565254346117,3569.3101412320552,1388.8333333333333,1404.0,43.05074525100195,1343.6469975397551,1434.0196691269114,4851.166666666667,4888.0,144.15743708413612,4699.858104613986,5002.475228719348,3606.597222222222,3629.1666666666665,106.16758786448413,3495.1630473277205,3718.031397116724,1446.701388888889,1462.5,44.84452630312705,1399.6322891039117,1493.770488673866,5053.298611111111,5091.666666666667,150.16399696264193,4895.685525639568,5210.911696582654,2.0923940051476686,2.065231372444657,0.31971688527185155,1.7568171306350364,2.427970879660301,0.2388599666477399,0.24072651448639157,0.01450049582809349,0.2236401540790745,0.2540797792164053,0.6450617283950617,0.6388888888888888,0.027258521192369888,0.6164510113295744,0.673672445460549,86.5,85.5,3.6193922141707717,82.70106293155573,90.29893706844427,15.833333333333334,14.0,4.262237284181474,11.359661994265164,20.307004672401504,26.166666666666668,27.5,6.794605703546503,19.035005341982213,33.29832799135112,12.0,11.5,3.898717737923586,7.907881086771792,16.09211891322821,10.833333333333334,10.5,0.983192080250175,9.801368677930835,11.865297988735833
BURST_SAMPLE,0.2,UNIFORM_BUDGET,6,31;32;33;34;35;36,0.782051282051282,0.7692307692307693,0.13249241725911604,0.642986398935607,0.921116165166957,0.8448275862068966,0.8448275862068966,0.05229569271759692,0.7899376948027491,0.899717477611044,0.7962962962962963,0.7962962962962963,0.0,0.7962962962962963,0.7962962962962963,0.21794871794871792,0.23076923076923073,0.13249241725911604,0.07888383483304298,0.35701360106439284,133.16666666666666,134.0,3.9200340134578764,129.05217405517737,137.28115927815594,79.16666666666667,80.0,3.9200340134578764,75.05217405517737,83.28115927815597,107.66666666666667,109.0,3.444802848737017,104.05097970565912,111.28235362767423,3462.3333333333335,3484.0,101.92088434990478,3355.3565254346117,3569.3101412320552,1399.6666666666667,1417.0,44.78243703358122,1352.6627361735686,1446.6705971597648,4862.0,4907.5,143.82489353376903,4711.040477771026,5012.959522228974,3606.597222222222,3629.1666666666665,106.16758786448413,3495.1630473277205,3718.031397116724,1457.986111111111,1476.0416666666667,46.64837190998044,1409.0236835141338,1506.9485387080883,5064.583333333333,5111.979166666666,149.8175974310093,4907.333831011486,5221.83283565518,2.087979112834353,2.0598191329898645,0.3213027701773519,1.7507376834469535,2.425220542221752,0.21134915977283145,0.208955223880597,0.010501832101974433,0.20032637006173926,0.22237194948392364,0.6450617283950617,0.6388888888888888,0.027258521192369888,0.6164510113295744,0.673672445460549,88.33333333333333,87.5,5.202563470700445,82.87268965332636,93.7939770133403,15.833333333333334,14.0,4.262237284181474,11.359661994265164,20.307004672401504,26.166666666666668,27.5,6.794605703546503,19.035005341982213,33.29832799135112,12.0,11.5,3.898717737923586,7.907881086771792,16.09211891322821,10.833333333333334,10.5,0.983192080250175,9.801368677930835,11.865297988735833
BURST_SAMPLE,0.3,EVENTGUARD,6,31;32;33;34;35;36,0.717948717948718,0.7307692307692308,0.10509693093291897,0.607638311373379,0.8282591245240569,0.7126436781609196,0.7241379310344828,0.06780635036208103,0.6414737019262644,0.7838136543955747,0.7037037037037037,0.7037037037037037,0.0,0.7037037037037037,0.7037037037037037,0.28205128205128205,0.2692307692307692,0.10509693093291897,0.17174087547594313,0.39236168862662096,139.16666666666666,141.0,5.600595206463923,133.2882463473972,145.0450869859361,85.16666666666667,87.0,5.600595206463923,79.28824634739722,91.04508698593612,98.16666666666667,98.0,4.355073669487885,93.59555366762585,102.73777966570749,3618.3333333333335,3666.0,145.615475368062,3465.4944050323274,3771.1722616343395,1276.1666666666667,1274.0,56.615957703342495,1216.742197679136,1335.5911356541974,4894.5,4940.0,182.13923245693115,4703.325504157981,5085.674495842019,3769.097222222222,3818.75,151.68278684173129,3609.8900052420076,3928.3044392024367,1329.3402777777778,1327.0833333333335,58.97495594098179,1267.4397892491,1391.2407663064557,5098.4375,5145.833333333334,189.72836714263656,4899.297400164564,5297.577599835436,1.9099968924846458,1.992652041844833,0.28716260438454455,1.6085891980667084,2.2114045869025833,0.28063366802818157,0.2765957446808511,0.011759493366315203,0.2682908290618734,0.29297650699448974,0.5061728395061729,0.5,0.03825168736994982,0.46602362536151654,0.5463220536508292,69.33333333333333,67.5,9.352361555600098,59.51703521235106,79.1496314543156,6.0,6.0,4.242640687119285,1.5468973737404168,10.453102626259582,22.5,22.0,7.556454194925024,14.568697657383119,30.43130234261688,25.5,25.0,5.683308895353129,19.534762867244922,31.465237132755078,10.333333333333334,10.0,2.160246899469287,8.06592445975098,12.600742206915688
BURST_SAMPLE,0.3,IMPORTANCE_ONLY,6,31;32;33;34;35;36,0.717948717948718,0.7307692307692308,0.10509693093291897,0.607638311373379,0.8282591245240569,0.7126436781609196,0.7241379310344828,0.06780635036208103,0.6414737019262644,0.7838136543955747,0.7037037037037037,0.7037037037037037,0.0,0.7037037037037037,0.7037037037037037,0.28205128205128205,0.2692307692307692,0.10509693093291897,0.17174087547594313,0.39236168862662096,112.0,112.0,0.0,112.0,112.0,58.0,58.0,0.0,58.0,58.0,79.33333333333333,78.5,3.141125063837266,76.03638850516286,82.6302781615038,2912.0,2912.0,0.0,2912.0,2912.0,1031.3333333333333,1020.5,40.83462582988445,988.4730505671172,1074.1936160995494,3943.3333333333335,3932.5,40.83462582988445,3900.4730505671173,3986.1936160995497,3033.3333333333335,3033.3333333333335,0.0,3033.3333333333335,3033.3333333333335,1074.3055555555554,1063.0208333333333,42.53606857279636,1029.6594276740802,1118.9516834370306,4107.638888888889,4096.354166666667,42.5360685727964,4062.9927610074133,4152.285016770364,2.3650954236300814,2.4151949641545727,0.3307131377632272,2.0179768126237074,2.7122140346364554,0.3482142857142857,0.3482142857142857,0.0,0.3482142857142857,0.3482142857142857,0.5061728395061729,0.5,0.03825168736994982,0.46602362536151654,0.5463220536508292,56.333333333333336,56.5,5.988878581726855,50.04736831593147,62.6192983507352,6.0,6.0,4.242640687119285,1.5468973737404168,10.453102626259582,22.5,22.0,7.556454194925024,14.568697657383119,30.43130234261688,25.5,25.0,5.683308895353129,19.534762867244922,31.465237132755078,10.333333333333334,10.0,2.160246899469287,8.06592445975098,12.600742206915688
BURST_SAMPLE,0.3,RANDOM_BUDGET,6,31;32;33;34;35;36,0.717948717948718,0.7307692307692308,0.10509693093291897,0.607638311373379,0.8282591245240569,0.7126436781609196,0.7241379310344828,0.06780635036208103,0.6414737019262644,0.7838136543955747,0.7037037037037037,0.7037037037037037,0.0,0.7037037037037037,0.7037037037037037,0.28205128205128205,0.2692307692307692,0.10509693093291897,0.17174087547594313,0.39236168862662096,139.16666666666666,141.0,5.600595206463923,133.2882463473972,145.0450869859361,85.16666666666667,87.0,5.600595206463923,79.28824634739722,91.04508698593612,98.16666666666667,99.0,3.763863263545405,94.21609186671667,102.11724146661668,3618.3333333333335,3666.0,145.615475368062,3465.4944050323274,3771.1722616343395,1276.1666666666667,1287.0,48.93022242609027,1224.8091942673168,1327.5241390660167,4894.5,4953.0,194.0007731943355,4690.875555622489,5098.124444377511,3769.097222222222,3818.75,151.68278684173129,3609.8900052420076,3928.3044392024367,1329.3402777777778,1340.625,50.96898169384408,1275.8429106951214,1382.8376448604342,5098.4375,5159.375,202.08413874409956,4886.328703773426,5310.546296226574,1.9111232988903994,1.9985001874765655,0.2937029526455809,1.602850813375187,2.219395784405612,0.2386905475726516,0.2343604793348007,0.015303640056943244,0.22262774971757854,0.25475334542772465,0.5061728395061729,0.5,0.03825168736994982,0.46602362536151654,0.5463220536508292,70.5,69.5,6.833739825307955,63.327263252425894,77.6727367475741,6.0,6.0,4.242640687119285,1.5468973737404168,10.453102626259582,22.5,22.0,7.556454194925024,14.568697657383119,30.43130234261688,25.5,25.0,5.683308895353129,19.534762867244922,31.465237132755078,10.333333333333334,10.0,2.160246899469287,8.06592445975098,12.600742206915688
BURST_SAMPLE,0.3,UNIFORM_BUDGET,6,31;32;33;34;35;36,0.717948717948718,0.7307692307692308,0.10509693093291897,0.607638311373379,0.8282591245240569,0.7126436781609196,0.7241379310344828,0.06780635036208103,0.6414737019262644,0.7838136543955747,0.7037037037037037,0.7037037037037037,0.0,0.7037037037037037,0.7037037037037037,0.28205128205128205,0.2692307692307692,0.10509693093291897,0.17174087547594313,0.39236168862662096,139.16666666666666,141.0,5.600595206463923,133.2882463473972,145.0450869859361,85.16666666666667,87.0,5.600595206463923,79.28824634739722,91.04508698593612,100.16666666666667,100.5,4.355073669487885,95.59555366762585,104.73777966570749,3618.3333333333335,3666.0,145.615475368062,3465.4944050323274,3771.1722616343395,1302.1666666666667,1306.5,56.615957703342495,1242.742197679136,1361.5911356541974,4920.5,4985.5,198.47896613999177,4712.175215848786,5128.824784151214,3769.097222222222,3818.75,151.68278684173129,3609.8900052420076,3928.3044392024367,1356.423611111111,1360.9375,58.97495594098176,1294.5231225824332,1418.324099639789,5125.520833333334,5193.229166666667,206.74892306249154,4908.515849842485,5342.525816824183,1.9012114939638876,1.9930398504703781,0.2938734380115683,1.5927600659251373,2.2096629220026376,0.22713166517675407,0.23321845969433624,0.012902611535319372,0.2135890021159917,0.24067432823751644,0.5061728395061729,0.5,0.03825168736994982,0.46602362536151654,0.5463220536508292,72.66666666666667,71.5,6.623191577077223,65.71492269842388,79.61841063490947,6.0,6.0,4.242640687119285,1.5468973737404168,10.453102626259582,22.5,22.0,7.556454194925024,14.568697657383119,30.43130234261688,25.5,25.0,5.683308895353129,19.534762867244922,31.465237132755078,10.333333333333334,10.0,2.160246899469287,8.06592445975098,12.600742206915688
RANDOM_COPY,0.2,EVENTGUARD,6,31;32;33;34;35;36,0.9743589743589743,1.0,0.03972290611494784,0.9326655596702929,1.0160523890476558,0.9885057471264368,1.0,0.017806819982562814,0.9698155957142692,1.0071958985386045,0.9598765432098766,0.9629629629629629,0.021648985082407642,0.937153630892788,0.9825994555269651,0.025641025641025623,0.0,0.03972290611494784,-0.01605238904765591,0.06733444032970716,142.5,143.5,4.636809247747852,137.63317554764916,147.36682445235084,88.5,89.5,4.636809247747852,83.63317554764916,93.36682445235084,111.5,111.0,6.0909769331364245,105.10687190414582,117.89312809585418,3705.0,3731.0,120.55704044144414,3578.4625642388783,3831.5374357611217,1449.5,1443.0,79.18270013077351,1366.3893347538958,1532.6106652461042,5154.5,5167.5,129.67459273119002,5018.392723415498,5290.607276584502,3859.375,3886.458333333333,125.58025045983774,3727.565171082165,3991.184828917835,1509.8958333333333,1503.125,82.48197930288903,1423.3222237019747,1596.4694429646918,5369.270833333333,5382.8125,135.07770076165608,5227.492420224477,5511.049246442189,2.458994823883466,2.475793602157127,0.12568524172740234,2.3270747954639983,2.5909148523029337,0.27393335272513325,0.271780303030303,0.009193033110863665,0.26428428675224397,0.28358241869802253,0.6481481481481481,0.6203703703703705,0.07768954430890011,0.5666047087413628,0.7296915875549335,87.66666666666667,89.0,7.393691004272945,79.90620160328291,95.42713173005043,9.5,6.0,9.565563234854496,-0.5400759583780061,19.540075958378004,37.333333333333336,38.5,6.831300510639732,30.163156905936308,44.50350976073037,7.166666666666667,8.0,4.833908011812665,2.0929660990336094,12.240367234299725,8.333333333333334,8.0,3.669695718539436,4.481597387035872,12.185069279630795
RANDOM_COPY,0.2,IMPORTANCE_ONLY,6,31;32;33;34;35;36,0.9743589743589743,1.0,0.03972290611494784,0.9326655596702929,1.0160523890476558,0.9540229885057472,0.9655172413793104,0.035613639965125676,0.9166426856814119,0.9914032913300824,0.9259259259259259,0.9351851851851851,0.04057204129667899,0.8833412535544299,0.9685105982974219,0.025641025641025623,0.0,0.03972290611494784,-0.01605238904765591,0.06733444032970716,112.0,112.0,0.0,112.0,112.0,58.0,58.0,0.0,58.0,58.0,88.0,89.0,6.752777206453653,80.91224213167521,95.08775786832479,2912.0,2912.0,0.0,2912.0,2912.0,1144.0,1157.0,87.7861036838975,1051.8591477117777,1236.1408522882223,4056.0,4069.0,87.7861036838975,3963.8591477117775,4148.140852288222,3033.3333333333335,3033.3333333333335,0.0,3033.3333333333335,3033.3333333333335,1191.6666666666665,1205.2083333333333,91.4438580040599,1095.6866121997682,1287.6467211335648,4225.0,4238.541666666667,91.44385800405986,4129.019945533102,4320.980054466898,3.122840641507495,3.1397870662460567,0.104770974341237,3.012872361042169,3.2328089219728215,0.3482142857142857,0.3482142857142857,0.0,0.3482142857142857,0.3482142857142857,0.6481481481481481,0.6203703703703705,0.07768954430890011,0.5666047087413628,0.7296915875549335,70.83333333333333,71.0,6.3377177806105145,64.18122447598591,77.48544219068074,9.5,6.0,9.565563234854496,-0.5400759583780061,19.540075958378004,37.333333333333336,38.5,6.831300510639732,30.163156905936308,44.50350976073037,7.166666666666667,8.0,4.833908011812665,2.0929660990336094,12.240367234299725,8.333333333333334,8.0,3.669695718539436,4.481597387035872,12.185069279630795
RANDOM_COPY,0.2,RANDOM_BUDGET,6,31;32;33;34;35;36,0.9615384615384616,1.0,0.06435846357954426,0.8939874091813279,1.0290895138955953,0.9885057471264368,1.0,0.017806819982562814,0.9698155957142692,1.0071958985386045,0.9753086419753086,0.9814814814814815,0.025301113002369393,0.9487524329849493,1.001864850965668,0.03846153846153846,0.0,0.06435846357954426,-0.0290895138955952,0.10601259081867212,142.5,143.5,4.636809247747852,137.63317554764916,147.36682445235084,88.5,89.5,4.636809247747852,83.63317554764916,93.36682445235084,112.5,112.0,6.565059024867941,105.6092723279758,119.3907276720242,3705.0,3731.0,120.55704044144414,3578.4625642388783,3831.5374357611217,1462.5,1456.0,85.34576732328323,1372.9205402636853,1552.0794597363147,5167.5,5187.0,125.16509097987345,5036.125925110584,5298.874074889416,3859.375,3886.458333333333,125.58025045983774,3727.565171082165,3991.184828917835,1523.4375,1516.6666666666665,88.90184096175335,1430.1255627746723,1616.7494372253277,5382.8125,5403.125,130.38030310403485,5245.9645053235245,5519.6604946764755,2.4203303218128633,2.4696778442456506,0.17575783015355295,2.2358537863808947,2.604806857244832,0.24083740644861099,0.24305555555555555,0.008403142330900108,0.23201741485795563,0.24965739803926634,0.6481481481481481,0.6203703703703705,0.07768954430890011,0.5666047087413628,0.7296915875549335,88.33333333333333,89.5,8.594571930391105,79.31241601855874,97.35425064810792,9.5,6.0,9.565563234854496,-0.5400759583780061,19.540075958378004,37.333333333333336,38.5,6.831300510639732,30.163156905936308,44.50350976073037,7.166666666666667,8.0,4.833908011812665,2.0929660990336094,12.240367234299725,8.333333333333334,8.0,3.669695718539436,4.481597387035872,12.185069279630795
RANDOM_COPY,0.2,UNIFORM_BUDGET,6,31;32;33;34;35;36,0.9743589743589743,1.0,0.03972290611494784,0.9326655596702929,1.0160523890476558,0.9942528735632183,1.0,0.014077527257374569,0.9794770114942528,1.0090287356321839,0.9845679012345678,0.9907407407407407,0.018207260745373637,0.9654574446530401,1.0036783578160957,0.025641025641025623,0.0,0.03972290611494784,-0.01605238904765591,0.06733444032970716,142.5,143.5,4.636809247747852,137.63317554764916,147.36682445235084,88.5,89.5,4.636809247747852,83.63317554764916,93.36682445235084,112.33333333333333,112.0,4.718756898449704,107.38049610604632,117.28617056062033,3705.0,3731.0,120.55704044144414,3578.4625642388783,3831.5374357611217,1460.3333333333333,1456.0,61.34383967984615,1395.9464493786022,1524.7202172880643,5165.333333333333,5174.0,100.92109128753349,5059.405914586344,5271.260752080322,3859.375,3886.458333333333,125.58025045983774,3727.565171082165,3991.184828917835,1521.1805555555557,1516.6666666666665,63.89983299983967,1454.1108847693777,1588.2502263417337,5380.555555555556,5389.583333333334,105.12613675784732,5270.2144943607755,5490.896616750336,2.453240221608079,2.481634060581429,0.11671080939817406,2.3307398143919356,2.5757406288242226,0.23007535903005738,0.22996794871794873,0.013042715379603748,0.21638564208400465,0.2437650759761101,0.6481481481481481,0.6203703703703705,0.07768954430890011,0.5666047087413628,0.7296915875549335,88.5,90.5,8.240145629781066,79.85109078264779,97.14890921735221,9.5,6.0,9.565563234854496,-0.5400759583780061,19.540075958378004,37.333333333333336,38.5,6.831300510639732,30.163156905936308,44.50350976073037,7.166666666666667,8.0,4.833908011812665,2.0929660990336094,12.240367234299725,8.333333333333334,8.0,3.669695718539436,4.481597387035872,12.185069279630795
RANDOM_COPY,0.3,EVENTGUARD,6,31;32;33;34;35;36,0.9487179487179487,0.9615384615384616,0.06280742930213276,0.8827948717948717,1.0146410256410257,0.9712643678160919,0.9655172413793104,0.025957677679623484,0.9440190243681609,0.998509711264023,0.9259259259259259,0.9351851851851851,0.03884477215445004,0.8851542062225333,0.9666976456293186,0.051282051282051266,0.038461538461538436,0.06280742930213276,-0.014641025641025651,0.11720512820512818,145.0,146.0,3.03315017762062,141.81638629855945,148.18361370144055,91.0,92.0,3.03315017762062,87.81638629855945,94.18361370144055,97.16666666666667,96.0,8.447879418331365,88.299718744749,106.03361458858434,3770.0,3796.0,78.86190461813612,3687.2260437625455,3852.7739562374545,1263.1666666666667,1248.0,109.82243243830773,1147.896343681737,1378.4369896515964,5033.166666666667,5024.5,126.95261583231228,4899.9163943327985,5166.416939000535,3927.0833333333335,3954.166666666667,82.14781731055857,3840.860462252652,4013.306204414015,1315.798611111111,1300.0,114.39836712323721,1195.7253580018094,1435.8718642204128,5242.881944444444,5233.854166666666,132.24230815865877,5104.079577429999,5381.68431145889,2.450661350845366,2.4457560463624644,0.1568369806944186,2.2860442592435892,2.6152784424471425,0.2690649961585922,0.2671358198451794,0.005707392497954663,0.2630744807235005,0.2750555115936839,0.5370370370370371,0.5185185185185186,0.08764562641629062,0.44504363058159746,0.6290304434924767,68.16666666666667,67.0,7.494442385305705,60.3004523134978,76.03288101983554,3.8333333333333335,2.0,4.535048695071164,-0.9266825962618612,8.593349262928529,31.333333333333332,35.0,7.99166232186187,22.94523377503051,39.721432891636155,18.833333333333332,16.5,10.609743949156675,7.697278661682333,29.96938800498433,11.333333333333334,11.5,3.6147844564602556,7.539232596663313,15.127434070003355
RANDOM_COPY,0.3,IMPORTANCE_ONLY,6,31;32;33;34;35;36,0.9487179487179487,0.9615384615384616,0.06280742930213276,0.8827948717948717,1.0146410256410257,0.9252873563218391,0.9482758620689655,0.05075724635820606,0.8720122279930005,0.9785624846506777,0.8919753086419753,0.9074074074074074,0.04887859974031891,0.8406720197416618,0.9432785975422887,0.051282051282051266,0.038461538461538436,0.06280742930213276,-0.014641025641025651,0.11720512820512818,112.0,112.0,0.0,112.0,112.0,58.0,58.0,0.0,58.0,58.0,77.0,75.0,7.0710678118654755,69.57816228956736,84.42183771043264,2912.0,2912.0,0.0,2912.0,2912.0,1001.0,975.0,91.92388155425118,904.5161097643756,1097.4838902356244,3913.0,3887.0,91.92388155425118,3816.516109764376,4009.483890235624,3033.3333333333335,3033.3333333333335,0.0,3033.3333333333335,3033.3333333333335,1042.7083333333333,1015.625,95.75404328567828,942.204281004558,1143.2123856621085,4076.0416666666665,4048.958333333333,95.75404328567836,3975.5376143378912,4176.545718995442,3.1500639663436454,3.1514456434584233,0.15836475549193244,2.9838433126057216,3.316284620081569,0.3482142857142857,0.3482142857142857,0.0,0.3482142857142857,0.3482142857142857,0.5370370370370371,0.5185185185185186,0.08764562641629062,0.44504363058159746,0.6290304434924767,55.5,55.0,6.565059024867941,48.6092723279758,62.3907276720242,3.8333333333333335,2.0,4.535048695071164,-0.9266825962618612,8.593349262928529,31.333333333333332,35.0,7.99166232186187,22.94523377503051,39.721432891636155,18.833333333333332,16.5,10.609743949156675,7.697278661682333,29.96938800498433,11.333333333333334,11.5,3.6147844564602556,7.539232596663313,15.127434070003355
RANDOM_COPY,0.3,RANDOM_BUDGET,6,31;32;33;34;35;36,0.9230769230769231,0.9615384615384616,0.09730085108210397,0.8209493314553922,1.025204514698454,0.9597701149425287,0.9655172413793104,0.014077527257374614,0.9449942528735632,0.9745459770114943,0.9444444444444444,0.9629629629629629,0.04057204129667897,0.9018597720729484,0.9870291168159404,0.07692307692307691,0.038461538461538436,0.09730085108210397,-0.025204514698454042,0.17905066854460788,145.0,146.0,3.03315017762062,141.81638629855945,148.18361370144055,91.0,92.0,3.03315017762062,87.81638629855945,94.18361370144055,99.5,99.0,9.093954035511725,89.9549280542261,109.0450719457739,3770.0,3796.0,78.86190461813612,3687.2260437625455,3852.7739562374545,1293.5,1287.0,118.22140246165243,1169.4140647049392,1417.5859352950608,5063.5,5037.5,125.43484364402102,4931.842791000075,5195.157208999925,3927.0833333333335,3954.166666666667,82.14781731055857,3840.860462252652,4013.306204414015,1347.3958333333333,1340.625,123.14729423088797,1218.1396507343115,1476.652015932355,5274.479166666666,5247.395833333333,130.66129546252213,5137.336240625077,5411.622092708255,2.36861081103381,2.408921128132951,0.22992307524111696,2.1272820901495777,2.6099395319180427,0.24006990546399412,0.2431855500821018,0.011855950142795306,0.2276258248521306,0.2525139860758577,0.5370370370370371,0.5185185185185186,0.08764562641629062,0.44504363058159746,0.6290304434924767,69.0,67.0,9.612491872558333,58.91066744526675,79.08933255473325,3.8333333333333335,2.0,4.535048695071164,-0.9266825962618612,8.593349262928529,31.333333333333332,35.0,7.99166232186187,22.94523377503051,39.721432891636155,18.833333333333332,16.5,10.609743949156675,7.697278661682333,29.96938800498433,11.333333333333334,11.5,3.6147844564602556,7.539232596663313,15.127434070003355
RANDOM_COPY,0.3,UNIFORM_BUDGET,6,31;32;33;34;35;36,0.9230769230769231,0.9230769230769231,0.06880209161537815,0.8508618104950881,0.9952920356587581,0.9655172413793104,0.9655172413793104,0.030842316931031594,0.9331449495322809,0.9978895332263399,0.9537037037037037,0.9629629629629629,0.02552601620757447,0.9269114348799501,0.9804959725274573,0.07692307692307691,0.07692307692307687,0.06880209161537815,0.004707964341241919,0.14913818950491192,145.0,146.0,3.03315017762062,141.81638629855945,148.18361370144055,91.0,92.0,3.03315017762062,87.81638629855945,94.18361370144055,99.0,98.0,8.099382692526635,90.49883645610791,107.50116354389209,3770.0,3796.0,78.86190461813612,3687.2260437625455,3852.7739562374545,1287.0,1274.0,105.29197500284626,1176.4848739294027,1397.5151260705973,5057.0,5057.0,119.71299010550192,4931.34848483524,5182.65151516476,3927.0833333333335,3954.166666666667,82.14781731055857,3840.860462252652,4013.306204414015,1340.625,1327.0833333333333,109.67914062796486,1225.5050770097946,1455.7449229902054,5267.708333333333,5267.708333333333,124.70103135989795,5136.82133837004,5398.595328296626,2.3729166282056555,2.348811449609129,0.16918095015196952,2.1953432278179914,2.5504900285933196,0.24012703224525883,0.2403061224489796,0.007508629504109456,0.23224592700203747,0.2480081374884802,0.5370370370370371,0.5185185185185186,0.08764562641629062,0.44504363058159746,0.6290304434924767,69.66666666666667,69.5,9.048020041239225,60.16980733318173,79.1635260001516,3.8333333333333335,2.0,4.535048695071164,-0.9266825962618612,8.593349262928529,31.333333333333332,35.0,7.99166232186187,22.94523377503051,39.721432891636155,18.833333333333332,16.5,10.609743949156675,7.697278661682333,29.96938800498433,11.333333333333334,11.5,3.6147844564602556,7.539232596663313,15.127434070003355
