axis,value,loss_model,loss_rate,supported,n_seeds,critical_delivery_mean,critical_delivery_median,critical_delivery_std,critical_delivery_ci95_low,critical_delivery_ci95_high,important_delivery_mean,important_delivery_median,important_delivery_std,important_delivery_ci95_low,important_delivery_ci95_high,overall_delivery_mean,overall_delivery_median,overall_delivery_std,overall_delivery_ci95_low,overall_delivery_ci95_high,data_copies_mean,data_copies_median,data_copies_std,data_copies_ci95_low,data_copies_ci95_high,total_bytes_mean,total_bytes_median,total_bytes_std,total_bytes_ci95_low,total_bytes_ci95_high,critical_per_1000_bytes_mean,critical_per_1000_bytes_median,critical_per_1000_bytes_std,critical_per_1000_bytes_ci95_low,critical_per_1000_bytes_ci95_high,link_transitions_mean,link_transitions_median,link_transitions_std,link_transitions_ci95_low,link_transitions_ci95_high,bad_link_share_mean,bad_link_share_median,bad_link_share_std,bad_link_share_ci95_low,bad_link_share_ci95_high,predicted_critical_mean,predicted_critical_median,predicted_critical_std,predicted_critical_ci95_low,predicted_critical_ci95_high,normal_to_critical_rate_mean,normal_to_critical_rate_median,normal_to_critical_rate_std,normal_to_critical_rate_ci95_low,normal_to_critical_rate_ci95_high,reason
critical_threshold,2.0,BURST_SAMPLE,0.0,True,100,1.0,1.0,0.0,1.0,1.0,1.0,1.0,0.0,1.0,1.0,1.0,1.0,0.0,1.0,1.0,121.0,121.0,0.0,121.0,121.0,4719.0,4719.0,0.0,4719.0,4719.0,2.7548209366391183,2.7548209366391183,0.0,2.7548209366391183,2.7548209366391183,0.0,0.0,0.0,0.0,0.0,0.0,0.0,0.0,0.0,0.0,25.0,25.0,0.0,25.0,25.0,0.0,0.0,0.0,0.0,0.0,
critical_threshold,2.0,BURST_SAMPLE,0.05,True,100,0.9484615384615385,1.0,0.09085558164623225,0.930653844458877,0.9662692324641999,0.9389655172413793,0.9137931034482758,0.0467168787522265,0.929809009005943,0.9481220254768157,0.9444444444444444,0.9444444444444444,0.0,0.9444444444444444,0.9444444444444444,128.25,128.0,2.92800825190646,127.67611038262633,128.82388961737365,4907.89,4914.0,114.86424969757064,4885.3766070592765,4930.403392940724,2.51318162372584,2.6212364815654587,0.24368074935505957,2.4654201968522487,2.5609430505994317,5.11,5.0,1.2862520921049825,4.857894589947424,5.3621054100525765,0.04092592592592592,0.037037037037037035,0.01649955712751435,0.037692012728933105,0.04415983912291874,25.0,25.0,0.0,25.0,25.0,0.0,0.0,0.0,0.0,0.0,
critical_threshold,2.0,BURST_SAMPLE,0.1,True,100,0.9107692307692308,0.9230769230769231,0.0976197504783834,0.8916357596754676,0.929902701862994,0.9062068965517242,0.896551724137931,0.056752030336447,0.8950834986057805,0.9173302944976678,0.9074074074074074,0.9074074074074074,0.0,0.9074074074074074,0.9074074074074074,130.89,131.0,3.6456560562960516,130.17545141296597,131.604548587034,4942.6,4953.0,143.53023825288278,4914.468073302435,4970.7319266975655,2.396454671623838,2.4323882591599126,0.25742254036325046,2.345999853712641,2.4469094895350354,6.3,6.0,1.5986105077709065,5.986672340476902,6.613327659523097,0.06444444444444444,0.037037037037037035,0.04478297310822272,0.055666981715232794,0.07322190717365609,25.0,25.0,0.0,25.0,25.0,0.0,0.0,0.0,0.0,0.0,
critical_threshold,2.0,BURST_SAMPLE,0.2,True,100,0.7923076923076923,0.7692307692307693,0.15169435341281068,0.7625755990387814,0.8220397855766032,0.7927586206896552,0.7931034482758621,0.0849606893823041,0.7761063255707236,0.8094109158085868,0.7962962962962963,0.7962962962962963,0.0,0.7962962962962963,0.7962962962962963,138.8,138.0,3.902860903532591,138.03503926290762,139.5649607370924,5040.36,5037.5,151.88688773777238,5010.590170003396,5070.129829996603,2.0432085578448547,2.0515154681530943,0.3867311656880847,1.96740924936999,2.1190078663197194,10.61,11.0,2.3736559195136993,10.144763439775314,11.075236560224685,0.27759259259259256,0.2777777777777778,0.09524793371352276,0.2589239975847421,0.296261187600443,25.0,25.0,0.0,25.0,25.0,0.0,0.0,0.0,0.0,0.0,
critical_threshold,2.0,BURST_SAMPLE,0.3,True,100,0.6984615384615385,0.6923076923076923,0.18021165807741446,0.6631400534783652,0.7337830234447117,0.6979310344827586,0.6896551724137931,0.09249059748685885,0.6798028773753343,0.7160591915901829,0.7037037037037037,0.7037037037037037,0.0,0.7037037037037037,0.7037037037037037,140.51,141.0,3.2270792373352726,139.8774924694823,141.1425075305177,4930.12,4946.5,122.6503842948597,4906.080524678207,4954.159475321792,1.8427266397502473,1.8890584087582212,0.4771313261581413,1.7492088998232516,1.936244379677243,10.31,10.0,2.6002913589663663,9.800342893642593,10.819657106357408,0.5175925925925926,0.5185185185185185,0.0951343972832031,0.4989462507250848,0.5362389344601004,25.0,25.0,0.0,25.0,25.0,0.0,0.0,0.0,0.0,0.0,
critical_threshold,2.0,RANDOM_COPY,0.0,True,100,1.0,1.0,0.0,1.0,1.0,1.0,1.0,0.0,1.0,1.0,1.0,1.0,0.0,1.0,1.0,121.0,121.0,0.0,121.0,121.0,4719.0,4719.0,0.0,4719.0,4719.0,2.7548209366391183,2.7548209366391183,0.0,2.7548209366391183,2.7548209366391183,0.0,0.0,0.0,0.0,0.0,0.0,0.0,0.0,0.0,0.0,25.0,25.0,0.0,25.0,25.0,0.0,0.0,0.0,0.0,0.0,
critical_threshold,2.0,RANDOM_COPY,0.05,True,100,1.0,1.0,0.0,1.0,1.0,0.9986206896551724,1.0,0.006791254674721798,0.9972896037389269,0.9999517755714178,0.9872222222222222,0.9814814814814815,0.014818321694924261,0.984317831170017,0.9901266132744274,124.62,124.0,3.6342367517371192,123.90768959665952,125.33231040334049,4777.89,4732.0,130.43856830328252,4752.324040612557,4803.455959387444,2.722841442162574,2.7472527472527473,0.07310057065067002,2.7085137303150426,2.7371691540101053,2.57,2.0,2.586893929410366,2.062968789835568,3.0770312101644315,0.005925925925925926,0.0,0.014626563014720458,0.003059119575040716,0.008792732276811136,25.0,25.0,0.0,25.0,25.0,0.0,0.0,0.0,0.0,0.0,
critical_threshold,2.0,RANDOM_COPY,0.1,True,100,0.9984615384615385,1.0,0.01082348416432997,0.9963401355653299,1.0005829413577472,0.9962068965517241,1.0,0.010843656473628267,0.9940815398828929,0.9983322532205553,0.9783333333333333,0.9814814814814815,0.018807141018693702,0.9746471336936693,0.9820195329729973,132.48,132.5,5.793552668721716,131.34446367693053,133.61553632306945,4993.43,4992.0,203.8207895245827,4953.481125253182,5033.378874746819,2.6036202281299694,2.5974025974025974,0.1081333701098013,2.5824260875884484,2.6248143686714904,6.39,6.0,3.1201366196454483,5.778453222549492,7.001546777450508,0.0187037037037037,0.0,0.027792738208525892,0.013256327014832626,0.024151080392574777,25.0,25.0,0.0,25.0,25.0,0.0,0.0,0.0,0.0,0.0,
critical_threshold,2.0,RANDOM_COPY,0.2,True,100,0.9892307692307692,1.0,0.02682577600152129,0.9839729171344711,0.9944886213270674,0.9848275862068966,1.0,0.023668115266636775,0.9801886356146358,0.9894665367991574,0.96,0.9629629629629629,0.02693509164107584,0.9547207220383491,0.9652792779616508,141.51,143.0,4.384303959823179,140.65067642387464,142.36932357612534,5147.74,5174.0,155.31984724913602,5117.297309939169,5178.18269006083,2.500648411152273,2.5031328320802,0.10685126562283913,2.4797055630901967,2.5215912592143495,9.09,9.0,2.9647593460174773,8.508907168180574,9.671092831819426,0.15777777777777777,0.12962962962962962,0.12355439463820263,0.13356111642869006,0.18199443912686547,25.0,25.0,0.0,25.0,25.0,0.0,0.0,0.0,0.0,0.0,
critical_threshold,2.0,RANDOM_COPY,0.3,True,100,0.9723076923076923,1.0,0.04166173540838952,0.964141992167648,0.9804733924477367,0.9751724137931035,0.9655172413793104,0.026880560402614048,0.9699038239541912,0.9804410036320158,0.9335185185185185,0.9444444444444444,0.0323540525997011,0.9271771242089771,0.9398599128280599,142.72,143.0,2.971514595269387,142.1375831393272,143.3024168606728,5010.07,5018.0,125.10022285182292,4985.550356321042,5034.589643678957,2.5242355792636864,2.5477748351248897,0.12087506726284311,2.500544066080169,2.5479270924472037,9.88,9.0,3.4503110678091713,9.203739030709404,10.556260969290598,0.45037037037037037,0.4537037037037037,0.1874511570788499,0.41362994358291577,0.48711079715782496,25.0,25.0,0.0,25.0,25.0,0.0,0.0,0.0,0.0,0.0,
critical_threshold,2.5,BURST_SAMPLE,0.0,True,100,1.0,1.0,0.0,1.0,1.0,1.0,1.0,0.0,1.0,1.0,1.0,1.0,0.0,1.0,1.0,113.98,114.0,0.14070529413628968,113.95242176234929,114.00757823765072,4445.22,4446.0,5.487506471315298,4444.144448731622,4446.295551268378,2.9244941261708846,2.9239766081871346,0.003640876006217682,2.9237805144736657,2.9252077378681034,0.0,0.0,0.0,0.0,0.0,0.0,0.0,0.0,0.0,0.0,17.98,18.0,0.14070529413628968,17.95242176234929,18.007578237650712,0.0,0.0,0.0,0.0,0.0,
critical_threshold,2.5,BURST_SAMPLE,0.05,True,100,0.9484615384615385,1.0,0.09085558164623225,0.930653844458877,0.9662692324641999,0.9389655172413793,0.9137931034482758,0.0467168787522265,0.929809009005943,0.9481220254768157,0.9444444444444444,0.9444444444444444,0.0,0.9444444444444444,0.9444444444444444,123.71,124.0,3.790724991290711,122.96701790170701,124.45298209829298,4734.99,4719.0,150.07530062800427,4705.575241076911,4764.404758923089,2.6049392223865673,2.6881720430107525,0.24810844795906442,2.5563099665865905,2.653568478186544,5.11,5.0,1.2862520921049825,4.857894589947424,5.3621054100525765,0.04092592592592592,0.037037037037037035,0.01649955712751435,0.037692012728933105,0.04415983912291874,17.98,18.0,0.14070529413628968,17.95242176234929,18.007578237650712,0.0,0.0,0.0,0.0,0.0,
critical_threshold,2.5,BURST_SAMPLE,0.1,True,100,0.9107692307692308,0.9230769230769231,0.0976197504783834,0.8916357596754676,0.929902701862994,0.9062068965517242,0.896551724137931,0.056752030336447,0.8950834986057805,0.9173302944976678,0.9074074074074074,0.9074074074074074,0.0,0.9074074074074074,0.9074074074074074,126.83,127.0,4.357867609394542,125.97585794855867,127.68414205144133,4789.98,4790.5,173.041769932621,4756.063813093206,4823.896186906793,2.4727890109000463,2.527115198348075,0.2611632452696183,2.421601014827201,2.5239770069728915,6.3,6.0,1.5986105077709065,5.986672340476902,6.613327659523097,0.06444444444444444,0.037037037037037035,0.04478297310822272,0.055666981715232794,0.07322190717365609,17.98,18.0,0.14070529413628968,17.95242176234929,18.007578237650712,0.0,0.0,0.0,0.0,0.0,
critical_threshold,2.5,BURST_SAMPLE,0.2,True,100,0.7923076923076923,0.7692307692307693,0.15169435341281068,0.7625755990387814,0.8220397855766032,0.7927586206896552,0.7931034482758621,0.0849606893823041,0.7761063255707236,0.8094109158085868,0.7962962962962963,0.7962962962962963,0.0,0.7962962962962963,0.7962962962962963,137.62,138.0,4.709285905248665,136.69697996257128,138.54302003742873,4997.98,5005.0,181.64717604646808,4962.377153494892,5033.582846505107,2.060393919331603,2.065082531231255,0.38864214260670304,1.9842200593806893,2.136567779282517,10.61,11.0,2.3736559195136993,10.144763439775314,11.075236560224685,0.27759259259259256,0.2777777777777778,0.09524793371352276,0.2589239975847421,0.296261187600443,17.98,18.0,0.14070529413628968,17.95242176234929,18.007578237650712,0.0,0.0,0.0,0.0,0.0,
critical_threshold,2.5,BURST_SAMPLE,0.3,True,100,0.6984615384615385,0.6923076923076923,0.18021165807741446,0.6631400534783652,0.7337830234447117,0.6979310344827586,0.6896551724137931,0.09249059748685885,0.6798028773753343,0.7160591915901829,0.7037037037037037,0.7037037037037037,0.0,0.7037037037037037,0.7037037037037037,140.31,141.0,3.486467344670612,139.62665240044456,140.99334759955545,4922.97,4940.0,129.4960281751194,4897.588778477677,4948.351221522324,1.8457396553226024,1.9125105663567203,0.47886547412376623,1.7518820223943443,1.9395972882508605,10.31,10.0,2.6002913589663663,9.800342893642593,10.819657106357408,0.5175925925925926,0.5185185185185185,0.0951343972832031,0.4989462507250848,0.5362389344601004,17.98,18.0,0.14070529413628968,17.95242176234929,18.007578237650712,0.0,0.0,0.0,0.0,0.0,
critical_threshold,2.5,RANDOM_COPY,0.0,True,100,1.0,1.0,0.0,1.0,1.0,1.0,1.0,0.0,1.0,1.0,1.0,1.0,0.0,1.0,1.0,113.98,114.0,0.14070529413628968,113.95242176234929,114.00757823765072,4445.22,4446.0,5.487506471315298,4444.144448731622,4446.295551268378,2.9244941261708846,2.9239766081871346,0.003640876006217682,2.9237805144736657,2.9252077378681034,0.0,0.0,0.0,0.0,0.0,0.0,0.0,0.0,0.0,0.0,17.98,18.0,0.14070529413628968,17.95242176234929,18.007578237650712,0.0,0.0,0.0,0.0,0.0,
critical_threshold,2.5,RANDOM_COPY,0.05,True,100,1.0,1.0,0.0,1.0,1.0,0.9986206896551724,1.0,0.006791254674721798,0.9972896037389269,0.9999517755714178,0.9872222222222222,0.9814814814814815,0.014818321694924261,0.984317831170017,0.9901266132744274,118.24,117.0,4.440675169340351,117.36962766680928,119.11037233319071,4532.97,4485.0,159.86626070916688,4501.636212901003,4564.303787098997,2.871316834551936,2.898550724637681,0.09857282325109351,2.851996561194722,2.8906371079091504,2.57,2.0,2.586893929410366,2.062968789835568,3.0770312101644315,0.005925925925925926,0.0,0.014626563014720458,0.003059119575040716,0.008792732276811136,17.98,18.0,0.14070529413628968,17.95242176234929,18.007578237650712,0.0,0.0,0.0,0.0,0.0,
critical_threshold,2.5,RANDOM_COPY,0.1,True,100,0.9984615384615385,1.0,0.01082348416432997,0.9963401355653299,1.0005829413577472,0.9958620689655172,1.0,0.011262021805899655,0.9936547126915609,0.9980694252394735,0.9781481481481481,0.9814814814814815,0.018866906216940656,0.9744502345296278,0.9818460617666684,128.77,129.0,7.305532703424719,127.33811559012877,130.20188440987127,4852.51,4842.5,260.14345284978066,4801.521883241443,4903.498116758557,2.682359338730633,2.670231729055258,0.14396562400369375,2.654142076425909,2.7105766010353567,6.39,6.0,3.1201366196454483,5.778453222549492,7.001546777450508,0.0187037037037037,0.0,0.027792738208525892,0.013256327014832626,0.024151080392574777,17.98,18.0,0.14070529413628968,17.95242176234929,18.007578237650712,0.0,0.0,0.0,0.0,0.0,
critical_threshold,2.5,RANDOM_COPY,0.2,True,100,0.9892307692307692,1.0,0.02682577600152129,0.9839729171344711,0.9944886213270674,0.9841379310344828,1.0,0.024219893684718934,0.9793908318722778,0.9888850301966877,0.9596296296296296,0.9629629629629629,0.027275036505119477,0.9542837224746262,0.964975536784633,140.81,142.0,5.3384350599111805,139.76366672825742,141.85633327174259,5121.48,5161.0,186.76726077385644,5084.873616888323,5158.086383111676,2.5147051433134884,2.512562814070352,0.12333676607787027,2.490531137162226,2.538879149464751,9.09,9.0,2.9647593460174773,8.508907168180574,9.671092831819426,0.15777777777777777,0.12962962962962962,0.12355439463820263,0.13356111642869006,0.18199443912686547,17.98,18.0,0.14070529413628968,17.95242176234929,18.007578237650712,0.0,0.0,0.0,0.0,0.0,
critical_threshold,2.5,RANDOM_COPY,0.3,True,100,0.9723076923076923,1.0,0.04166173540838952,0.964141992167648,0.9804733924477367,0.9751724137931035,0.9655172413793104,0.026880560402614048,0.9699038239541912,0.9804410036320158,0.9335185185185185,0.9444444444444444,0.0323540525997011,0.9271771242089771,0.9398599128280599,142.66,143.0,2.988935826299617,142.07416857804526,143.24583142195473,5007.99,5011.5,124.92215717612049,4983.50525719348,5032.474742806519,2.5253105551338537,2.5477748351248897,0.12149709209985288,2.5014971250822824,2.549123985185425,9.88,9.0,3.4503110678091713,9.203739030709404,10.556260969290598,0.45037037037037037,0.4537037037037037,0.1874511570788499,0.41362994358291577,0.48711079715782496,17.98,18.0,0.14070529413628968,17.95242176234929,18.007578237650712,0.0,0.0,0.0,0.0,0.0,
critical_threshold,3.0,BURST_SAMPLE,0.0,True,100,1.0,1.0,0.0,1.0,1.0,1.0,1.0,0.0,1.0,1.0,1.0,1.0,0.0,1.0,1.0,112.0,112.0,0.0,112.0,112.0,4368.0,4368.0,0.0,4368.0,4368.0,2.9761904761904763,2.9761904761904763,0.0,2.9761904761904763,2.9761904761904763,0.0,0.0,0.0,0.0,0.0,0.0,0.0,0.0,0.0,0.0,16.0,16.0,0.0,16.0,16.0,0.0,0.0,0.0,0.0,0.0,
critical_threshold,3.0,BURST_SAMPLE,0.05,True,100,0.9484615384615385,1.0,0.09085558164623225,0.930653844458877,0.9662692324641999,0.9389655172413793,0.9137931034482758,0.0467168787522265,0.929809009005943,0.9481220254768157,0.9444444444444444,0.9444444444444444,0.0,0.9444444444444444,0.9444444444444444,122.45,122.0,4.236386396089206,121.61966826636652,123.28033173363349,4687.15,4680.0,168.28003206536178,4654.167113715189,4720.13288628481,2.631719181195079,2.7084987745884677,0.2495717368563602,2.5828031207712323,2.6806352416189254,5.11,5.0,1.2862520921049825,4.857894589947424,5.3621054100525765,0.04092592592592592,0.037037037037037035,0.01649955712751435,0.037692012728933105,0.04415983912291874,16.0,16.0,0.0,16.0,16.0,0.0,0.0,0.0,0.0,0.0,
critical_threshold,3.0,BURST_SAMPLE,0.1,True,100,0.9107692307692308,0.9230769230769231,0.0976197504783834,0.8916357596754676,0.929902701862994,0.9062068965517242,0.896551724137931,0.056752030336447,0.8950834986057805,0.9173302944976678,0.9074074074074074,0.9074074074074074,0.0,0.9074074074074074,0.9074074074074074,125.68,126.0,4.848992397676787,124.72959749005535,126.63040250994466,4746.69,4751.5,192.0552159135387,4709.047177680946,4784.332822319053,2.495575467707682,2.541957087411633,0.2625268362260345,2.444120207807379,2.547030727607985,6.3,6.0,1.5986105077709065,5.986672340476902,6.613327659523097,0.06444444444444444,0.037037037037037035,0.04478297310822272,0.055666981715232794,0.07322190717365609,16.0,16.0,0.0,16.0,16.0,0.0,0.0,0.0,0.0,0.0,
critical_threshold,3.0,BURST_SAMPLE,0.2,True,100,0.7923076923076923,0.7692307692307693,0.15169435341281068,0.7625755990387814,0.8220397855766032,0.7927586206896552,0.7931034482758621,0.0849606893823041,0.7761063255707236,0.8094109158085868,0.7962962962962963,0.7962962962962963,0.0,0.7962962962962963,0.7962962962962963,137.36,138.0,4.9757391207718875,136.38475513232873,138.3352448676713,4989.14,5005.0,189.46836947180137,4952.004199583527,5026.275800416473,2.0641801561672426,2.073398299813394,0.38922697140322315,1.9878916697722109,2.1404686425622743,10.61,11.0,2.3736559195136993,10.144763439775314,11.075236560224685,0.27759259259259256,0.2777777777777778,0.09524793371352276,0.2589239975847421,0.296261187600443,16.0,16.0,0.0,16.0,16.0,0.0,0.0,0.0,0.0,0.0,
critical_threshold,3.0,BURST_SAMPLE,0.3,True,100,0.6984615384615385,0.6923076923076923,0.18021165807741446,0.6631400534783652,0.7337830234447117,0.6979310344827586,0.6896551724137931,0.09249059748685885,0.6798028773753343,0.7160591915901829,0.7037037037037037,0.7037037037037037,0.0,0.7037037037037037,0.7037037037037037,140.29,141.0,3.5456474953971613,139.59505309090216,140.98494690909783,4922.19,4940.0,131.19803021125406,4896.475186078594,4947.904813921406,1.8460656005638019,1.9178822896055383,0.4789297349438064,1.7521953725148158,1.939935828612788,10.31,10.0,2.6002913589663663,9.800342893642593,10.819657106357408,0.5175925925925926,0.5185185185185185,0.0951343972832031,0.4989462507250848,0.5362389344601004,16.0,16.0,0.0,16.0,16.0,0.0,0.0,0.0,0.0,0.0,
critical_threshold,3.0,RANDOM_COPY,0.0,True,100,1.0,1.0,0.0,1.0,1.0,1.0,1.0,0.0,1.0,1.0,1.0,1.0,0.0,1.0,1.0,112.0,112.0,0.0,112.0,112.0,4368.0,4368.0,0.0,4368.0,4368.0,2.9761904761904763,2.9761904761904763,0.0,2.9761904761904763,2.9761904761904763,0.0,0.0,0.0,0.0,0.0,0.0,0.0,0.0,0.0,0.0,16.0,16.0,0.0,16.0,16.0,0.0,0.0,0.0,0.0,0.0,
critical_threshold,3.0,RANDOM_COPY,0.05,True,100,1.0,1.0,0.0,1.0,1.0,0.9982758620689656,1.0,0.007553203915778967,0.9967954341014729,0.9997562900364583,0.987037037037037,0.9814814814814815,0.014772667318841965,0.984141594242544,0.9899324798315301,116.45,115.0,4.667478284400854,115.53517425625743,117.36482574374257,4464.85,4407.0,167.83309259409174,4431.954713851558,4497.745286148443,2.9155870038425427,2.949852507374631,0.10633873002866621,2.894744612756924,2.9364293949281612,2.57,2.0,2.586893929410366,2.062968789835568,3.0770312101644315,0.005925925925925926,0.0,0.014626563014720458,0.003059119575040716,0.008792732276811136,16.0,16.0,0.0,16.0,16.0,0.0,0.0,0.0,0.0,0.0,
critical_threshold,3.0,RANDOM_COPY,0.1,True,100,0.9984615384615385,1.0,0.01082348416432997,0.9963401355653299,1.0005829413577472,0.9955172413793103,1.0,0.011655092034125196,0.9932328433406218,0.9978016394179988,0.9779629629629629,0.9814814814814815,0.018740717081501462,0.9742897824149886,0.9816361435109372,127.83,127.5,7.822597414096568,126.29677090683707,129.36322909316291,4817.54,4790.5,279.883324175477,4762.682868461607,4872.397131538393,2.703164605813,2.6990602462300575,0.15712243510593155,2.672368608532237,2.7339606030937627,6.39,6.0,3.1201366196454483,5.778453222549492,7.001546777450508,0.0187037037037037,0.0,0.027792738208525892,0.013256327014832626,0.024151080392574777,16.0,16.0,0.0,16.0,16.0,0.0,0.0,0.0,0.0,0.0,
critical_threshold,3.0,RANDOM_COPY,0.2,True,100,0.9892307692307692,1.0,0.02682577600152129,0.9839729171344711,0.9944886213270674,0.9841379310344828,1.0,0.024219893684718934,0.9793908318722778,0.9888850301966877,0.9596296296296296,0.9629629629629629,0.027275036505119477,0.9542837224746262,0.964975536784633,140.68,142.0,5.5611930992250835,139.5900061525519,141.76999384744812,5116.8,5161.0,193.95105078604266,5078.785594045936,5154.814405954065,2.5173340111858655,2.512562814070352,0.1275123126601714,2.492341597904472,2.542326424467259,9.09,9.0,2.9647593460174773,8.508907168180574,9.671092831819426,0.15777777777777777,0.12962962962962962,0.12355439463820263,0.13356111642869006,0.18199443912686547,16.0,16.0,0.0,16.0,16.0,0.0,0.0,0.0,0.0,0.0,
critical_threshold,3.0,RANDOM_COPY,0.3,True,100,0.9723076923076923,1.0,0.04166173540838952,0.964141992167648,0.9804733924477367,0.9748275862068966,0.9655172413793104,0.026779837685433433,0.9695787380205516,0.9800764343932415,0.9333333333333333,0.9444444444444444,0.03223660295475886,0.9270149591542006,0.9396517075124661,142.65,143.0,3.002944682753375,142.06142284218035,143.23857715781966,5007.6,5011.5,124.99244421608496,4983.1014809336475,5032.098519066353,2.525514539631032,2.5477748351248897,0.12163639569731821,2.5016738060743577,2.5493552731877065,9.88,9.0,3.4503110678091713,9.203739030709404,10.556260969290598,0.45037037037037037,0.4537037037037037,0.1874511570788499,0.41362994358291577,0.48711079715782496,16.0,16.0,0.0,16.0,16.0,0.0,0.0,0.0,0.0,0.0,
critical_threshold,3.5,BURST_SAMPLE,0.0,True,100,1.0,1.0,0.0,1.0,1.0,1.0,1.0,0.0,1.0,1.0,1.0,1.0,0.0,1.0,1.0,110.0,110.0,0.0,110.0,110.0,4290.0,4290.0,0.0,4290.0,4290.0,3.0303030303030303,3.0303030303030303,0.0,3.0303030303030303,3.0303030303030303,0.0,0.0,0.0,0.0,0.0,0.0,0.0,0.0,0.0,0.0,14.0,14.0,0.0,14.0,14.0,0.0,0.0,0.0,0.0,0.0,
critical_threshold,3.5,BURST_SAMPLE,0.05,True,100,0.9484615384615385,1.0,0.09085558164623225,0.930653844458877,0.9662692324641999,0.9389655172413793,0.9137931034482758,0.0467168787522265,0.929809009005943,0.9481220254768157,0.9444444444444444,0.9444444444444444,0.0,0.9444444444444444,0.9444444444444444,121.12,121.0,4.090590335505292,120.31824429424097,121.92175570575904,4635.8,4641.0,161.32575739788115,4604.180151550016,4667.419848449985,2.661176025052944,2.73224043715847,0.2561395363101121,2.610972675936162,2.711379374169726,5.11,5.0,1.2862520921049825,4.857894589947424,5.3621054100525765,0.04092592592592592,0.037037037037037035,0.01649955712751435,0.037692012728933105,0.04415983912291874,14.0,14.0,0.0,14.0,14.0,0.0,0.0,0.0,0.0,0.0,
critical_threshold,3.5,BURST_SAMPLE,0.1,True,100,0.9107692307692308,0.9230769230769231,0.0976197504783834,0.8916357596754676,0.929902701862994,0.9062068965517242,0.896551724137931,0.056752030336447,0.8950834986057805,0.9173302944976678,0.9074074074074074,0.9074074074074074,0.0,0.9074074074074074,0.9074074074074074,124.54,125.0,4.704221186306716,123.6179726474839,125.46202735251612,4703.79,4706.0,186.31093240965097,4667.2730572477085,4740.306942752291,2.5186294974738574,2.5673983257530817,0.2681967618980523,2.4660629321418392,2.5711960628058756,6.3,6.0,1.5986105077709065,5.986672340476902,6.613327659523097,0.06444444444444444,0.037037037037037035,0.04478297310822272,0.055666981715232794,0.07322190717365609,14.0,14.0,0.0,14.0,14.0,0.0,0.0,0.0,0.0,0.0,
critical_threshold,3.5,BURST_SAMPLE,0.2,True,100,0.7923076923076923,0.7692307692307693,0.15169435341281068,0.7625755990387814,0.8220397855766032,0.7927586206896552,0.7931034482758621,0.0849606893823041,0.7761063255707236,0.8094109158085868,0.7962962962962963,0.7962962962962963,0.0,0.7962962962962963,0.7962962962962963,137.05,137.5,5.041995356177668,136.0617689101892,138.03823108981084,4977.7,4998.5,190.68009594579868,4940.326701194624,5015.073298805376,2.0694972132129026,2.073398299813394,0.3931222709473329,1.9924452481072255,2.1465491783185797,10.61,11.0,2.3736559195136993,10.144763439775314,11.075236560224685,0.27759259259259256,0.2777777777777778,0.09524793371352276,0.2589239975847421,0.296261187600443,14.0,14.0,0.0,14.0,14.0,0.0,0.0,0.0,0.0,0.0,
critical_threshold,3.5,BURST_SAMPLE,0.3,True,100,0.6984615384615385,0.6923076923076923,0.18021165807741446,0.6631400534783652,0.7337830234447117,0.6979310344827586,0.6896551724137931,0.09249059748685885,0.6798028773753343,0.7160591915901829,0.7037037037037037,0.7037037037037037,0.0,0.7037037037037037,0.7037037037037037,140.22,141.0,3.5748278195451513,139.51933374736916,140.92066625263084,4919.72,4940.0,132.19178598849584,4893.810409946255,4945.629590053745,1.8472416752255303,1.923136279134921,0.4802086673606007,1.7531207764228525,1.941362574028208,10.31,10.0,2.6002913589663663,9.800342893642593,10.819657106357408,0.5175925925925926,0.5185185185185185,0.0951343972832031,0.4989462507250848,0.5362389344601004,14.0,14.0,0.0,14.0,14.0,0.0,0.0,0.0,0.0,0.0,
critical_threshold,3.5,RANDOM_COPY,0.0,True,100,1.0,1.0,0.0,1.0,1.0,1.0,1.0,0.0,1.0,1.0,1.0,1.0,0.0,1.0,1.0,110.0,110.0,0.0,110.0,110.0,4290.0,4290.0,0.0,4290.0,4290.0,3.0303030303030303,3.0303030303030303,0.0,3.0303030303030303,3.0303030303030303,0.0,0.0,0.0,0.0,0.0,0.0,0.0,0.0,0.0,0.0,14.0,14.0,0.0,14.0,14.0,0.0,0.0,0.0,0.0,0.0,
critical_threshold,3.5,RANDOM_COPY,0.05,True,100,1.0,1.0,0.0,1.0,1.0,0.9982758620689656,1.0,0.007553203915778967,0.9967954341014729,0.9997562900364583,0.987037037037037,0.9814814814814815,0.014772667318841965,0.984141594242544,0.9899324798315301,114.63,113.0,4.770818281040169,113.69491961691612,115.56508038308387,4394.78,4335.5,171.60935083185092,4361.144567236957,4428.415432763042,2.9623920358798643,2.9985074895254535,0.11226223294030531,2.9403886382235647,2.984395433536164,2.57,2.0,2.586893929410366,2.062968789835568,3.0770312101644315,0.005925925925925926,0.0,0.014626563014720458,0.003059119575040716,0.008792732276811136,14.0,14.0,0.0,14.0,14.0,0.0,0.0,0.0,0.0,0.0,
critical_threshold,3.5,RANDOM_COPY,0.1,True,100,0.9984615384615385,1.0,0.01082348416432997,0.9963401355653299,1.0005829413577472,0.9955172413793103,1.0,0.011655092034125196,0.9932328433406218,0.9978016394179988,0.9779629629629629,0.9814814814814815,0.018740717081501462,0.9742897824149886,0.9816361435109372,126.56,126.0,8.113238962624388,124.96980516332562,128.1501948366744,4769.18,4745.0,291.01176275299605,4712.141694500413,4826.218305499588,2.7314928550130233,2.721093472337401,0.16642383358795151,2.698873783629785,2.7641119263962617,6.39,6.0,3.1201366196454483,5.778453222549492,7.001546777450508,0.0187037037037037,0.0,0.027792738208525892,0.013256327014832626,0.024151080392574777,14.0,14.0,0.0,14.0,14.0,0.0,0.0,0.0,0.0,0.0,
critical_threshold,3.5,RANDOM_COPY,0.2,True,100,0.9892307692307692,1.0,0.02682577600152129,0.9839729171344711,0.9944886213270674,0.983103448275862,1.0,0.02474724801357813,0.9782529876652007,0.9879539088865233,0.9590740740740741,0.9629629629629629,0.02739099720041209,0.9537054386227933,0.9644427095253548,140.32,142.0,5.8220757171790245,139.1788731594329,141.4611268405671,5103.67,5148.0,203.24374852164902,5063.834225289756,5143.505774710244,2.524226616645367,2.512562814070352,0.13236941625401874,2.4982822110595793,2.5501710222311544,9.09,9.0,2.9647593460174773,8.508907168180574,9.671092831819426,0.15777777777777777,0.12962962962962962,0.12355439463820263,0.13356111642869006,0.18199443912686547,14.0,14.0,0.0,14.0,14.0,0.0,0.0,0.0,0.0,0.0,
critical_threshold,3.5,RANDOM_COPY,0.3,True,100,0.9723076923076923,1.0,0.04166173540838952,0.964141992167648,0.9804733924477367,0.9737931034482759,0.9655172413793104,0.02689842717786863,0.9685210117214136,0.9790651951751381,0.9327777777777778,0.9444444444444444,0.03209175007512893,0.9264877947630525,0.9390677607925031,142.58,143.0,3.009010038890102,141.99023403237754,143.16976596762248,5005.26,5005.0,124.69134579902375,4980.820496223391,5029.699503776609,2.526711577035565,2.5477748351248897,0.12207879308461671,2.5027841335909797,2.55063902048015,9.88,9.0,3.4503110678091713,9.203739030709404,10.556260969290598,0.45037037037037037,0.4537037037037037,0.1874511570788499,0.41362994358291577,0.48711079715782496,14.0,14.0,0.0,14.0,14.0,0.0,0.0,0.0,0.0,0.0,
critical_threshold,4.0,BURST_SAMPLE,0.0,True,100,1.0,1.0,0.0,1.0,1.0,1.0,1.0,0.0,1.0,1.0,1.0,1.0,0.0,1.0,1.0,108.0,108.0,0.0,108.0,108.0,4212.0,4212.0,0.0,4212.0,4212.0,3.0864197530864197,3.0864197530864197,0.0,3.0864197530864197,3.0864197530864197,0.0,0.0,0.0,0.0,0.0,0.0,0.0,0.0,0.0,0.0,12.0,12.0,0.0,12.0,12.0,0.0,0.0,0.0,0.0,0.0,
critical_threshold,4.0,BURST_SAMPLE,0.05,True,100,0.9484615384615385,1.0,0.09085558164623225,0.930653844458877,0.9662692324641999,0.9389655172413793,0.9137931034482758,0.0467168787522265,0.929809009005943,0.9481220254768157,0.9444444444444444,0.9444444444444444,0.0,0.9444444444444444,0.9444444444444444,119.85,120.0,3.9552420145851244,119.07477256514132,120.62522743485867,4586.66,4563.0,154.96113686790613,4556.28761717389,4617.03238282611,2.6900653155079324,2.762452019566097,0.26323725147520816,2.6384708142187914,2.7416598167970734,5.11,5.0,1.2862520921049825,4.857894589947424,5.3621054100525765,0.04092592592592592,0.037037037037037035,0.01649955712751435,0.037692012728933105,0.04415983912291874,12.0,12.0,0.0,12.0,12.0,0.0,0.0,0.0,0.0,0.0,
critical_threshold,4.0,BURST_SAMPLE,0.1,True,100,0.9107692307692308,0.9230769230769231,0.0976197504783834,0.8916357596754676,0.929902701862994,0.9062068965517242,0.896551724137931,0.056752030336447,0.8950834986057805,0.9173302944976678,0.9074074074074074,0.9074074074074074,0.0,0.9074074074074074,0.9074074074074074,123.39,124.0,4.5878517672636105,122.49078105361633,124.28921894638367,4660.11,4667.0,181.88229599375416,4624.461069985224,4695.758930014776,2.5425652735680546,2.602191675695197,0.2740196147894576,2.488857429069321,2.5962731180667884,6.3,6.0,1.5986105077709065,5.986672340476902,6.613327659523097,0.06444444444444444,0.037037037037037035,0.04478297310822272,0.055666981715232794,0.07322190717365609,12.0,12.0,0.0,12.0,12.0,0.0,0.0,0.0,0.0,0.0,
critical_threshold,4.0,BURST_SAMPLE,0.2,True,100,0.7923076923076923,0.7692307692307693,0.15169435341281068,0.7625755990387814,0.8220397855766032,0.7927586206896552,0.7931034482758621,0.0849606893823041,0.7761063255707236,0.8094109158085868,0.7962962962962963,0.7962962962962963,0.0,0.7962962962962963,0.7962962962962963,136.75,137.0,5.1076789090920585,135.74889493381795,137.75110506618205,4966.39,4979.0,192.13341823857817,4928.731850025239,5004.048149974762,2.0747713299683253,2.073398299813394,0.39686075103585433,1.9969866227652977,2.152556037171353,10.61,11.0,2.3736559195136993,10.144763439775314,11.075236560224685,0.27759259259259256,0.2777777777777778,0.09524793371352276,0.2589239975847421,0.296261187600443,12.0,12.0,0.0,12.0,12.0,0.0,0.0,0.0,0.0,0.0,
critical_threshold,4.0,BURST_SAMPLE,0.3,True,100,0.6984615384615385,0.6923076923076923,0.18021165807741446,0.6631400534783652,0.7337830234447117,0.6979310344827586,0.6896551724137931,0.09249059748685885,0.6798028773753343,0.7160591915901829,0.7037037037037037,0.7037037037037037,0.0,0.7037037037037037,0.7037037037037037,140.18,141.0,3.6164048222487257,139.47118465483925,140.88881534516076,4918.29,4940.0,134.07327221796416,4892.011638645279,4944.568361354721,1.8479734346939931,1.9311270264414473,0.4811750067360809,1.7536631333737214,1.9422837360142648,10.31,10.0,2.6002913589663663,9.800342893642593,10.819657106357408,0.5175925925925926,0.5185185185185185,0.0951343972832031,0.4989462507250848,0.5362389344601004,12.0,12.0,0.0,12.0,12.0,0.0,0.0,0.0,0.0,0.0,
critical_threshold,4.0,RANDOM_COPY,0.0,True,100,1.0,1.0,0.0,1.0,1.0,1.0,1.0,0.0,1.0,1.0,1.0,1.0,0.0,1.0,1.0,108.0,108.0,0.0,108.0,108.0,4212.0,4212.0,0.0,4212.0,4212.0,3.0864197530864197,3.0864197530864197,0.0,3.0864197530864197,3.0864197530864197,0.0,0.0,0.0,0.0,0.0,0.0,0.0,0.0,0.0,0.0,12.0,12.0,0.0,12.0,12.0,0.0,0.0,0.0,0.0,0.0,
critical_threshold,4.0,RANDOM_COPY,0.05,True,100,1.0,1.0,0.0,1.0,1.0,0.9982758620689656,1.0,0.007553203915778967,0.9967954341014729,0.9997562900364583,0.987037037037037,0.9814814814814815,0.014772667318841965,0.984141594242544,0.9899324798315301,112.81,111.0,4.877685740370958,111.8539735948873,113.76602640511271,4324.97,4264.0,175.48365804947264,4290.575203022304,4359.364796977697,3.0105632576513077,3.048780487804878,0.11862724992460229,2.9873123166660855,3.03381419863653,2.57,2.0,2.586893929410366,2.062968789835568,3.0770312101644315,0.005925925925925926,0.0,0.014626563014720458,0.003059119575040716,0.008792732276811136,12.0,12.0,0.0,12.0,12.0,0.0,0.0,0.0,0.0,0.0,
critical_threshold,4.0,RANDOM_COPY,0.1,True,100,0.9976923076923077,1.0,0.013188200615212704,0.995107420371726,1.0002771950128893,0.9955172413793103,1.0,0.011655092034125196,0.9932328433406218,0.9978016394179988,0.9777777777777777,0.9814814814814815,0.018980397895945876,0.9740576197901724,0.9814979357653831,125.3,125.0,8.37203135988567,123.65908185346241,126.94091814653758,4722.12,4712.5,299.5739156019611,4663.403512542016,4780.836487457984,2.7573608517180648,2.7434893873250035,0.17534635888783906,2.7229929653760485,2.791728738060081,6.39,6.0,3.1201366196454483,5.778453222549492,7.001546777450508,0.0187037037037037,0.0,0.027792738208525892,0.013256327014832626,0.024151080392574777,12.0,12.0,0.0,12.0,12.0,0.0,0.0,0.0,0.0,0.0,
critical_threshold,4.0,RANDOM_COPY,0.2,True,100,0.9892307692307692,1.0,0.02682577600152129,0.9839729171344711,0.9944886213270674,0.983103448275862,1.0,0.02474724801357813,0.9782529876652007,0.9879539088865233,0.9590740740740741,0.9629629629629629,0.02739099720041209,0.9537054386227933,0.9644427095253548,139.95,142.0,6.110720832349412,138.7522987168595,141.14770128314046,5090.41,5141.5,212.8532996495877,5048.690753268681,5132.129246731319,2.5312543376473964,2.512562814070352,0.137431192298809,2.50431782395683,2.558190851337963,9.09,9.0,2.9647593460174773,8.508907168180574,9.671092831819426,0.15777777777777777,0.12962962962962962,0.12355439463820263,0.13356111642869006,0.18199443912686547,12.0,12.0,0.0,12.0,12.0,0.0,0.0,0.0,0.0,0.0,
critical_threshold,4.0,RANDOM_COPY,0.3,True,100,0.9723076923076923,1.0,0.04166173540838952,0.964141992167648,0.9804733924477367,0.9737931034482759,0.9655172413793104,0.02689842717786863,0.9685210117214136,0.9790651951751381,0.9327777777777778,0.9444444444444444,0.03209175007512893,0.9264877947630525,0.9390677607925031,142.52,142.5,3.050020698720955,141.9221959430507,143.11780405694932,5003.05,4998.5,126.07183898816811,4978.339919558319,5027.760080441682,2.527869281568355,2.5510204081632653,0.12259770025810873,2.503840132317766,2.5518984308189445,9.88,9.0,3.4503110678091713,9.203739030709404,10.556260969290598,0.45037037037037037,0.4537037037037037,0.1874511570788499,0.41362994358291577,0.48711079715782496,12.0,12.0,0.0,12.0,12.0,0.0,0.0,0.0,0.0,0.0,
link_window,8,BURST_SAMPLE,0.0,True,100,1.0,1.0,0.0,1.0,1.0,1.0,1.0,0.0,1.0,1.0,1.0,1.0,0.0,1.0,1.0,112.0,112.0,0.0,112.0,112.0,4368.0,4368.0,0.0,4368.0,4368.0,2.9761904761904763,2.9761904761904763,0.0,2.9761904761904763,2.9761904761904763,0.0,0.0,0.0,0.0,0.0,0.0,0.0,0.0,0.0,0.0,16.0,16.0,0.0,16.0,16.0,0.0,0.0,0.0,0.0,0.0,
link_window,8,BURST_SAMPLE,0.05,True,100,0.9484615384615385,1.0,0.09085558164623225,0.930653844458877,0.9662692324641999,0.9389655172413793,0.9137931034482758,0.0467168787522265,0.929809009005943,0.9481220254768157,0.9444444444444444,0.9444444444444444,0.0,0.9444444444444444,0.9444444444444444,120.94,121.0,3.498397901724142,120.25431401126207,121.62568598873793,4622.8,4634.5,139.6235921137523,4595.433775945705,4650.1662240542955,2.667473783861838,2.7624309392265194,0.24807476043945645,2.6188511308157043,2.7160964369079714,6.69,7.0,1.4612503294276875,6.4035949354321735,6.976405064567827,0.046851851851851846,0.037037037037037035,0.02585032534616721,0.04178518808400307,0.05191851561970062,16.0,16.0,0.0,16.0,16.0,0.0,0.0,0.0,0.0,0.0,
link_window,8,BURST_SAMPLE,0.1,True,100,0.9107692307692308,0.9230769230769231,0.0976197504783834,0.8916357596754676,0.929902701862994,0.9062068965517242,0.896551724137931,0.056752030336447,0.8950834986057805,0.9173302944976678,0.9074074074074074,0.9074074074074074,0.0,0.9074074074074074,0.9074074074074074,127.14,127.0,4.449537485894893,126.2678906527646,128.0121093472354,4800.64,4784.0,172.55434043813676,4766.819349274126,4834.460650725875,2.4667159470758477,2.5118157865059105,0.2553268247470284,2.41667188942543,2.5167600047262653,8.38,8.0,2.0139914637757568,7.9852576730999525,8.77474232690005,0.07518518518518517,0.05555555555555555,0.04801847339571791,0.06577356439962447,0.08459680597074588,16.0,16.0,0.0,16.0,16.0,0.0,0.0,0.0,0.0,0.0,
link_window,8,BURST_SAMPLE,0.2,True,100,0.7923076923076923,0.7692307692307693,0.15169435341281068,0.7625755990387814,0.8220397855766032,0.7927586206896552,0.7931034482758621,0.0849606893823041,0.7761063255707236,0.8094109158085868,0.7962962962962963,0.7962962962962963,0.0,0.7962962962962963,0.7962962962962963,135.68,136.0,4.26136033669906,134.844773374007,136.51522662599302,4924.01,4946.5,168.30518786604964,4891.022183178255,4956.997816821746,2.09050552465008,2.1116903430350584,0.3898514046718129,2.014094649334405,2.1669163999657552,12.48,12.5,2.911072557382147,11.9094297787531,13.0505702212469,0.29962962962962963,0.2962962962962963,0.0758019573203163,0.28477244599484763,0.31448681326441164,16.0,16.0,0.0,16.0,16.0,0.0,0.0,0.0,0.0,0.0,
link_window,8,BURST_SAMPLE,0.3,True,100,0.6984615384615385,0.6923076923076923,0.18021165807741446,0.6631400534783652,0.7337830234447117,0.6979310344827586,0.6896551724137931,0.09249059748685885,0.6798028773753343,0.7160591915901829,0.7037037037037037,0.7037037037037037,0.0,0.7037037037037037,0.7037037037037037,139.03,139.0,4.093490767873633,138.22767580949676,139.83232419050324,4876.3,4894.5,147.44336354867062,4847.401100744461,4905.19889925554,1.8645404439455942,1.924681939287587,0.48755453613892263,1.7689797548623654,1.960101133028823,12.02,12.0,2.4576411454889016,11.538302335484175,12.501697664515824,0.49,0.48148148148148145,0.07950620769460585,0.47441678329185727,0.5055832167081428,16.0,16.0,0.0,16.0,16.0,0.0,0.0,0.0,0.0,0.0,
link_window,8,RANDOM_COPY,0.0,True,100,1.0,1.0,0.0,1.0,1.0,1.0,1.0,0.0,1.0,1.0,1.0,1.0,0.0,1.0,1.0,112.0,112.0,0.0,112.0,112.0,4368.0,4368.0,0.0,4368.0,4368.0,2.9761904761904763,2.9761904761904763,0.0,2.9761904761904763,2.9761904761904763,0.0,0.0,0.0,0.0,0.0,0.0,0.0,0.0,0.0,0.0,16.0,16.0,0.0,16.0,16.0,0.0,0.0,0.0,0.0,0.0,
link_window,8,RANDOM_COPY,0.05,True,100,1.0,1.0,0.0,1.0,1.0,0.9982758620689656,1.0,0.007553203915778967,0.9967954341014729,0.9997562900364583,0.9877777777777778,0.9907407407407407,0.01422799639612786,0.9849890904841367,0.9905664650714188,118.67,119.0,4.903214777216592,117.70896990366555,119.63103009633446,4549.74,4550.0,173.78557669342604,4515.6780269680885,4583.801973031911,2.861376559491339,2.857142857142857,0.10774343464030145,2.8402588463018397,2.8824942726808382,3.98,4.0,2.814034093394726,3.428449317694634,4.531550682305366,0.005925925925925926,0.0,0.014626563014720458,0.003059119575040716,0.008792732276811136,16.0,16.0,0.0,16.0,16.0,0.0,0.0,0.0,0.0,0.0,
link_window,8,RANDOM_COPY,0.1,True,100,0.9984615384615385,1.0,0.01082348416432997,0.9963401355653299,1.0005829413577472,0.9951724137931035,1.0,0.012985777540569256,0.9926272013951519,0.9977176261910551,0.9798148148148148,0.9814814814814815,0.01787024679684892,0.9763122464426324,0.9833173831869972,129.37,129.0,6.505095128148598,128.09500135488287,130.64499864511714,4876.3,4849.0,231.1336794536395,4830.997798827087,4921.602201172914,2.667751485615358,2.6773809694484667,0.12932511819618814,2.642403762448905,2.693099208781811,7.53,7.0,3.082878754369269,6.925755764143624,8.134244235856377,0.02259259259259259,0.0,0.030760769463628265,0.01656348177772145,0.02862170340746373,16.0,16.0,0.0,16.0,16.0,0.0,0.0,0.0,0.0,0.0,
link_window,8,RANDOM_COPY,0.2,True,100,0.9892307692307692,1.0,0.02682577600152129,0.9839729171344711,0.9944886213270674,0.9824137931034483,1.0,0.024257057882862917,0.9776594097584073,0.9871681764484894,0.9585185185185185,0.9629629629629629,0.02646806370008292,0.9533307780333022,0.9637062590037349,140.14,141.0,4.940085469346097,139.17174324800814,141.10825675199183,5097.3,5115.5,174.1243315228599,5063.17163102152,5131.428368978481,2.526131379395376,2.525252525252525,0.1172126966796307,2.503157690846168,2.5491050679445837,10.15,10.0,3.2015621187164243,9.522493824731582,10.77750617526842,0.15925925925925924,0.14814814814814814,0.1117328905098556,0.13735961271932753,0.18115890579919094,16.0,16.0,0.0,16.0,16.0,0.0,0.0,0.0,0.0,0.0,
link_window,8,RANDOM_COPY,0.3,True,100,0.9723076923076923,1.0,0.04166173540838952,0.964141992167648,0.9804733924477367,0.973448275862069,0.9655172413793104,0.027662294928008598,0.9680264660561793,0.9788700856679586,0.9325925925925925,0.9351851851851851,0.03303478558088803,0.9261177746187385,0.9390674105664466,142.46,142.0,2.8759539480163987,141.8963130261888,143.0236869738112,5000.71,5005.0,118.63085048531299,4977.458353304879,5023.961646695121,2.5287812317954934,2.5673983257530817,0.11905788855710257,2.5054458856383013,2.5521165779526855,11.38,11.0,3.7437624892289274,10.646222552111132,12.11377744788887,0.41648148148148145,0.41666666666666663,0.15201407027972796,0.3866867237066548,0.4462762392563081,16.0,16.0,0.0,16.0,16.0,0.0,0.0,0.0,0.0,0.0,
link_window,12,BURST_SAMPLE,0.0,True,100,1.0,1.0,0.0,1.0,1.0,1.0,1.0,0.0,1.0,1.0,1.0,1.0,0.0,1.0,1.0,112.0,112.0,0.0,112.0,112.0,4368.0,4368.0,0.0,4368.0,4368.0,2.9761904761904763,2.9761904761904763,0.0,2.9761904761904763,2.9761904761904763,0.0,0.0,0.0,0.0,0.0,0.0,0.0,0.0,0.0,0.0,16.0,16.0,0.0,16.0,16.0,0.0,0.0,0.0,0.0,0.0,
link_window,12,BURST_SAMPLE,0.05,True,100,0.9484615384615385,1.0,0.09085558164623225,0.930653844458877,0.9662692324641999,0.9389655172413793,0.9137931034482758,0.0467168787522265,0.929809009005943,0.9481220254768157,0.9444444444444444,0.9444444444444444,0.0,0.9444444444444444,0.9444444444444444,122.45,122.0,4.236386396089206,121.61966826636652,123.28033173363349,4687.15,4680.0,168.28003206536178,4654.167113715189,4720.13288628481,2.631719181195079,2.7084987745884677,0.2495717368563602,2.5828031207712323,2.6806352416189254,5.11,5.0,1.2862520921049825,4.857894589947424,5.3621054100525765,0.04092592592592592,0.037037037037037035,0.01649955712751435,0.037692012728933105,0.04415983912291874,16.0,16.0,0.0,16.0,16.0,0.0,0.0,0.0,0.0,0.0,
link_window,12,BURST_SAMPLE,0.1,True,100,0.9107692307692308,0.9230769230769231,0.0976197504783834,0.8916357596754676,0.929902701862994,0.9062068965517242,0.896551724137931,0.056752030336447,0.8950834986057805,0.9173302944976678,0.9074074074074074,0.9074074074074074,0.0,0.9074074074074074,0.9074074074074074,125.68,126.0,4.848992397676787,124.72959749005535,126.63040250994466,4746.69,4751.5,192.0552159135387,4709.047177680946,4784.332822319053,2.495575467707682,2.541957087411633,0.2625268362260345,2.444120207807379,2.547030727607985,6.3,6.0,1.5986105077709065,5.986672340476902,6.613327659523097,0.06444444444444444,0.037037037037037035,0.04478297310822272,0.055666981715232794,0.07322190717365609,16.0,16.0,0.0,16.0,16.0,0.0,0.0,0.0,0.0,0.0,
link_window,12,BURST_SAMPLE,0.2,True,100,0.7923076923076923,0.7692307692307693,0.15169435341281068,0.7625755990387814,0.8220397855766032,0.7927586206896552,0.7931034482758621,0.0849606893823041,0.7761063255707236,0.8094109158085868,0.7962962962962963,0.7962962962962963,0.0,0.7962962962962963,0.7962962962962963,137.36,138.0,4.9757391207718875,136.38475513232873,138.3352448676713,4989.14,5005.0,189.46836947180137,4952.004199583527,5026.275800416473,2.0641801561672426,2.073398299813394,0.38922697140322315,1.9878916697722109,2.1404686425622743,10.61,11.0,2.3736559195136993,10.144763439775314,11.075236560224685,0.27759259259259256,0.2777777777777778,0.09524793371352276,0.2589239975847421,0.296261187600443,16.0,16.0,0.0,16.0,16.0,0.0,0.0,0.0,0.0,0.0,
link_window,12,BURST_SAMPLE,0.3,True,100,0.6984615384615385,0.6923076923076923,0.18021165807741446,0.6631400534783652,0.7337830234447117,0.6979310344827586,0.6896551724137931,0.09249059748685885,0.6798028773753343,0.7160591915901829,0.7037037037037037,0.7037037037037037,0.0,0.7037037037037037,0.7037037037037037,140.29,141.0,3.5456474953971613,139.59505309090216,140.98494690909783,4922.19,4940.0,131.19803021125406,4896.475186078594,4947.904813921406,1.8460656005638019,1.9178822896055383,0.4789297349438064,1.7521953725148158,1.939935828612788,10.31,10.0,2.6002913589663663,9.800342893642593,10.819657106357408,0.5175925925925926,0.5185185185185185,0.0951343972832031,0.4989462507250848,0.5362389344601004,16.0,16.0,0.0,16.0,16.0,0.0,0.0,0.0,0.0,0.0,
link_window,12,RANDOM_COPY,0.0,True,100,1.0,1.0,0.0,1.0,1.0,1.0,1.0,0.0,1.0,1.0,1.0,1.0,0.0,1.0,1.0,112.0,112.0,0.0,112.0,112.0,4368.0,4368.0,0.0,4368.0,4368.0,2.9761904761904763,2.9761904761904763,0.0,2.9761904761904763,2.9761904761904763,0.0,0.0,0.0,0.0,0.0,0.0,0.0,0.0,0.0,0.0,16.0,16.0,0.0,16.0,16.0,0.0,0.0,0.0,0.0,0.0,
link_window,12,RANDOM_COPY,0.05,True,100,1.0,1.0,0.0,1.0,1.0,0.9982758620689656,1.0,0.007553203915778967,0.9967954341014729,0.9997562900364583,0.987037037037037,0.9814814814814815,0.014772667318841965,0.984141594242544,0.9899324798315301,116.45,115.0,4.667478284400854,115.53517425625743,117.36482574374257,4464.85,4407.0,167.83309259409174,4431.954713851558,4497.745286148443,2.9155870038425427,2.949852507374631,0.10633873002866621,2.894744612756924,2.9364293949281612,2.57,2.0,2.586893929410366,2.062968789835568,3.0770312101644315,0.005925925925925926,0.0,0.014626563014720458,0.003059119575040716,0.008792732276811136,16.0,16.0,0.0,16.0,16.0,0.0,0.0,0.0,0.0,0.0,
link_window,12,RANDOM_COPY,0.1,True,100,0.9984615384615385,1.0,0.01082348416432997,0.9963401355653299,1.0005829413577472,0.9955172413793103,1.0,0.011655092034125196,0.9932328433406218,0.9978016394179988,0.9779629629629629,0.9814814814814815,0.018740717081501462,0.9742897824149886,0.9816361435109372,127.83,127.5,7.822597414096568,126.29677090683707,129.36322909316291,4817.54,4790.5,279.883324175477,4762.682868461607,4872.397131538393,2.703164605813,2.6990602462300575,0.15712243510593155,2.672368608532237,2.7339606030937627,6.39,6.0,3.1201366196454483,5.778453222549492,7.001546777450508,0.0187037037037037,0.0,0.027792738208525892,0.013256327014832626,0.024151080392574777,16.0,16.0,0.0,16.0,16.0,0.0,0.0,0.0,0.0,0.0,
link_window,12,RANDOM_COPY,0.2,True,100,0.9892307692307692,1.0,0.02682577600152129,0.9839729171344711,0.9944886213270674,0.9841379310344828,1.0,0.024219893684718934,0.9793908318722778,0.9888850301966877,0.9596296296296296,0.9629629629629629,0.027275036505119477,0.9542837224746262,0.964975536784633,140.68,142.0,5.5611930992250835,139.5900061525519,141.76999384744812,5116.8,5161.0,193.95105078604266,5078.785594045936,5154.814405954065,2.5173340111858655,2.512562814070352,0.1275123126601714,2.492341597904472,2.542326424467259,9.09,9.0,2.9647593460174773,8.508907168180574,9.671092831819426,0.15777777777777777,0.12962962962962962,0.12355439463820263,0.13356111642869006,0.18199443912686547,16.0,16.0,0.0,16.0,16.0,0.0,0.0,0.0,0.0,0.0,
link_window,12,RANDOM_COPY,0.3,True,100,0.9723076923076923,1.0,0.04166173540838952,0.964141992167648,0.9804733924477367,0.9748275862068966,0.9655172413793104,0.026779837685433433,0.9695787380205516,0.9800764343932415,0.9333333333333333,0.9444444444444444,0.03223660295475886,0.9270149591542006,0.9396517075124661,142.65,143.0,3.002944682753375,142.06142284218035,143.23857715781966,5007.6,5011.5,124.99244421608496,4983.1014809336475,5032.098519066353,2.525514539631032,2.5477748351248897,0.12163639569731821,2.5016738060743577,2.5493552731877065,9.88,9.0,3.4503110678091713,9.203739030709404,10.556260969290598,0.45037037037037037,0.4537037037037037,0.1874511570788499,0.41362994358291577,0.48711079715782496,16.0,16.0,0.0,16.0,16.0,0.0,0.0,0.0,0.0,0.0,
link_window,16,BURST_SAMPLE,0.0,True,100,1.0,1.0,0.0,1.0,1.0,1.0,1.0,0.0,1.0,1.0,1.0,1.0,0.0,1.0,1.0,112.0,112.0,0.0,112.0,112.0,4368.0,4368.0,0.0,4368.0,4368.0,2.9761904761904763,2.9761904761904763,0.0,2.9761904761904763,2.9761904761904763,0.0,0.0,0.0,0.0,0.0,0.0,0.0,0.0,0.0,0.0,16.0,16.0,0.0,16.0,16.0,0.0,0.0,0.0,0.0,0.0,
link_window,16,BURST_SAMPLE,0.05,True,100,0.9484615384615385,1.0,0.09085558164623225,0.930653844458877,0.9662692324641999,0.9389655172413793,0.9137931034482758,0.0467168787522265,0.929809009005943,0.9481220254768157,0.9444444444444444,0.9444444444444444,0.0,0.9444444444444444,0.9444444444444444,117.19,116.0,4.587411408882294,116.29086736385906,118.08913263614093,4481.62,4420.0,179.79768540436686,4446.379653660744,4516.860346339256,2.751753255179978,2.824858757062147,0.2508607052093927,2.702584556958937,2.800921953401019,4.84,5.0,1.2848770722948912,4.588164093830201,5.091835906169798,0.04092592592592592,0.037037037037037035,0.01649955712751435,0.037692012728933105,0.04415983912291874,16.0,16.0,0.0,16.0,16.0,0.0,0.0,0.0,0.0,0.0,
link_window,16,BURST_SAMPLE,0.1,True,100,0.9107692307692308,0.9230769230769231,0.0976197504783834,0.8916357596754676,0.929902701862994,0.9062068965517242,0.896551724137931,0.056752030336447,0.8950834986057805,0.9173302944976678,0.9074074074074074,0.9074074074074074,0.0,0.9074074074074074,0.9074074074074074,123.47,123.0,5.024093465642847,122.485277680734,124.454722319266,4662.06,4641.0,199.27149238355113,4623.002787492825,4701.117212507176,2.539572955596894,2.5951576513374266,0.25353216157698005,2.4898806519278063,2.589265259265982,6.83,7.0,1.9952215643654945,6.438936573384363,7.221063426615637,0.06018518518518518,0.037037037037037035,0.04359893788163284,0.05163979336038514,0.06873057700998522,16.0,16.0,0.0,16.0,16.0,0.0,0.0,0.0,0.0,0.0,
link_window,16,BURST_SAMPLE,0.2,True,100,0.7923076923076923,0.7692307692307693,0.15169435341281068,0.7625755990387814,0.8220397855766032,0.7927586206896552,0.7931034482758621,0.0849606893823041,0.7761063255707236,0.8094109158085868,0.7962962962962963,0.7962962962962963,0.0,0.7962962962962963,0.7962962962962963,136.97,137.0,5.583986845517196,135.87553857827862,138.06446142172138,4972.5,4966.0,211.75369244153987,4930.996276281458,5014.003723718542,2.071622737852114,2.1132872938601457,0.3909071833256162,1.9950049299202934,2.148240545783935,11.09,11.0,2.597959572317079,10.580799923825852,11.599200076174148,0.2664814814814815,0.24074074074074073,0.10418941224003202,0.2460603566824352,0.28690260628052777,16.0,16.0,0.0,16.0,16.0,0.0,0.0,0.0,0.0,0.0,
link_window,16,BURST_SAMPLE,0.3,True,100,0.6984615384615385,0.6923076923076923,0.18021165807741446,0.6631400534783652,0.7337830234447117,0.6979310344827586,0.6896551724137931,0.09249059748685885,0.6798028773753343,0.7160591915901829,0.7037037037037037,0.7037037037037037,0.0,0.7037037037037037,0.7037037037037037,140.31,140.0,3.5353767676004333,139.61706615355033,141.00293384644968,4923.1,4927.0,130.45224367096137,4897.531360240492,4948.668639759509,1.8459359716426145,1.9124667827765283,0.480169534160062,1.7518227429472424,1.9400492003379866,9.43,9.0,2.4464156423121346,8.950502534106821,9.909497465893178,0.547962962962963,0.5555555555555556,0.10881449291037862,0.5266353223525287,0.5692906035733972,16.0,16.0,0.0,16.0,16.0,0.0,0.0,0.0,0.0,0.0,
link_window,16,RANDOM_COPY,0.0,True,100,1.0,1.0,0.0,1.0,1.0,1.0,1.0,0.0,1.0,1.0,1.0,1.0,0.0,1.0,1.0,112.0,112.0,0.0,112.0,112.0,4368.0,4368.0,0.0,4368.0,4368.0,2.9761904761904763,2.9761904761904763,0.0,2.9761904761904763,2.9761904761904763,0.0,0.0,0.0,0.0,0.0,0.0,0.0,0.0,0.0,0.0,16.0,16.0,0.0,16.0,16.0,0.0,0.0,0.0,0.0,0.0,
link_window,16,RANDOM_COPY,0.05,True,100,1.0,1.0,0.0,1.0,1.0,0.9979310344827587,1.0,0.008230457123308336,0.9963178648865902,0.9995442040789271,0.9862962962962963,0.9814814814814815,0.015261685342825083,0.9833050059691026,0.98928758662349,115.55,113.5,4.704124560296834,114.62799158618182,116.47200841381817,4430.14,4355.0,173.22082712391992,4396.188717883712,4464.091282116288,2.9386915458872496,2.985074626865672,0.10978334787915542,2.917174009702935,2.960209082071564,2.04,2.0,2.5182966826444777,1.5464138502016824,2.533586149798318,0.005925925925925926,0.0,0.014626563014720458,0.003059119575040716,0.008792732276811136,16.0,16.0,0.0,16.0,16.0,0.0,0.0,0.0,0.0,0.0,
link_window,16,RANDOM_COPY,0.1,True,100,0.9984615384615385,1.0,0.01082348416432997,0.9963401355653299,1.0005829413577472,0.9948275862068966,1.0,0.013310072312285252,0.9922188120336887,0.9974363603801045,0.9775925925925926,0.9814814814814815,0.01885129361633126,0.9738977390437916,0.9812874461413935,126.92,127.0,8.511050452087556,125.25183411139083,128.58816588860915,4783.09,4777.5,306.4422134791814,4723.0273261580805,4843.15267384192,2.7246535683073914,2.691794916384082,0.17552050109253547,2.6902515500932545,2.7590555865215283,5.78,5.0,3.3350904459741844,5.12632227258906,6.433677727410941,0.01759259259259259,0.0,0.025297690001203424,0.012634245352356719,0.02255093983282846,16.0,16.0,0.0,16.0,16.0,0.0,0.0,0.0,0.0,0.0,
link_window,16,RANDOM_COPY,0.2,True,100,0.9892307692307692,1.0,0.02682577600152129,0.9839729171344711,0.9944886213270674,0.9844827586206897,1.0,0.023696009342630227,0.9798383407895341,0.9891271764518452,0.9612962962962963,0.9629629629629629,0.025532122179724396,0.9562920003490704,0.9663005922435223,141.23,143.0,5.783737214087113,140.09638750603892,142.36361249396106,5137.73,5187.0,205.6003210605519,5097.432337072131,5178.027662927868,2.507469960496868,2.493765586034913,0.1307732796960945,2.4818383976764338,2.5331015233173027,8.4,9.0,3.0944720996896344,7.793483468460832,9.00651653153917,0.1511111111111111,0.12037037037037036,0.13019544091720914,0.12559280469133813,0.1766294175308841,16.0,16.0,0.0,16.0,16.0,0.0,0.0,0.0,0.0,0.0,
link_window,16,RANDOM_COPY,0.3,True,100,0.9723076923076923,1.0,0.04166173540838952,0.964141992167648,0.9804733924477367,0.9755172413793104,0.9655172413793104,0.02697645518573324,0.9702298561629067,0.9808046265957141,0.9327777777777778,0.9444444444444444,0.03408096597456057,0.926097908446764,0.9394576471087916,142.52,142.0,2.955836547742398,141.9406560366425,143.0993439633575,5002.4,4985.5,129.11720460594137,4977.0930278972355,5027.706972102764,2.5281458008224122,2.5477748351248897,0.12068197473269475,2.504492133774804,2.5517994678700204,9.3,9.0,3.2891004572955533,8.655336310370073,9.944663689629929,0.4772222222222222,0.46296296296296297,0.2127266536482494,0.43552779810716535,0.5189166463372791,16.0,16.0,0.0,16.0,16.0,0.0,0.0,0.0,0.0,0.0,
link_window,24,BURST_SAMPLE,0.0,True,100,1.0,1.0,0.0,1.0,1.0,1.0,1.0,0.0,1.0,1.0,1.0,1.0,0.0,1.0,1.0,112.0,112.0,0.0,112.0,112.0,4368.0,4368.0,0.0,4368.0,4368.0,2.9761904761904763,2.9761904761904763,0.0,2.9761904761904763,2.9761904761904763,0.0,0.0,0.0,0.0,0.0,0.0,0.0,0.0,0.0,0.0,16.0,16.0,0.0,16.0,16.0,0.0,0.0,0.0,0.0,0.0,
link_window,24,BURST_SAMPLE,0.05,True,100,0.9484615384615385,1.0,0.09085558164623225,0.930653844458877,0.9662692324641999,0.9389655172413793,0.9137931034482758,0.0467168787522265,0.929809009005943,0.9481220254768157,0.9444444444444444,0.9444444444444444,0.0,0.9444444444444444,0.9444444444444444,118.42,117.0,5.201359573625093,117.40053352356948,119.43946647643052,4530.11,4485.0,200.35372230234216,4490.840670428741,4569.3793295712585,2.7245572262306745,2.8011204481792715,0.26652853413662575,2.6723176335398957,2.7767968189214534,5.25,6.0,1.4451241601965688,4.9667556646014726,5.5332443353985274,0.04092592592592592,0.037037037037037035,0.01649955712751435,0.037692012728933105,0.04415983912291874,16.0,16.0,0.0,16.0,16.0,0.0,0.0,0.0,0.0,0.0,
link_window,24,BURST_SAMPLE,0.1,True,100,0.9107692307692308,0.9230769230769231,0.0976197504783834,0.8916357596754676,0.929902701862994,0.9062068965517242,0.896551724137931,0.056752030336447,0.8950834986057805,0.9173302944976678,0.9074074074074074,0.9074074074074074,0.0,0.9074074074074074,0.9074074074074074,126.55,126.5,6.1601111756988365,125.34261820956303,127.75738179043697,4782.05,4764.5,238.31094936208572,4735.341053925032,4828.758946074969,2.4790651201351994,2.5186033529862244,0.27010964677868726,2.4261236293665767,2.532006610903822,6.28,6.0,2.0154955277107964,5.884962876568684,6.675037123431316,0.059814814814814814,0.037037037037037035,0.04315813801623246,0.05135581976363325,0.06827380986599638,16.0,16.0,0.0,16.0,16.0,0.0,0.0,0.0,0.0,0.0,
link_window,24,BURST_SAMPLE,0.2,True,100,0.7923076923076923,0.7692307692307693,0.15169435341281068,0.7625755990387814,0.8220397855766032,0.7927586206896552,0.7931034482758621,0.0849606893823041,0.7761063255707236,0.8094109158085868,0.7962962962962963,0.7962962962962963,0.0,0.7962962962962963,0.7962962962962963,139.29,141.0,5.8331948035499055,138.14669381850422,140.43330618149577,5057.13,5109.0,224.0988533228273,5013.2066247487255,5101.053375251275,2.0365471407684614,2.084135417468751,0.38188617463321656,1.961697450540351,2.111396830996572,10.4,11.0,2.457723344968681,9.918286224386138,10.881713775613862,0.25055555555555553,0.2037037037037037,0.11757760508488567,0.22751034495891795,0.27360076615219314,16.0,16.0,0.0,16.0,16.0,0.0,0.0,0.0,0.0,0.0,
link_window,24,BURST_SAMPLE,0.3,True,100,0.6984615384615385,0.6923076923076923,0.18021165807741446,0.6631400534783652,0.7337830234447117,0.6979310344827586,0.6896551724137931,0.09249059748685885,0.6798028773753343,0.7160591915901829,0.7037037037037037,0.7037037037037037,0.0,0.7037037037037037,0.7037037037037037,140.6,141.0,3.417128571881321,139.93024279991127,141.26975720008872,4934.41,4953.0,134.06308593382823,4908.13363515697,4960.68636484303,1.8402471430337495,1.8974312765986943,0.4750311785978001,1.7471410320285807,1.9333532540389182,9.19,9.0,2.572955695324156,8.685700683716465,9.694299316283534,0.5685185185185185,0.5740740740740741,0.1298699071845311,0.5430640167103504,0.5939730203266866,16.0,16.0,0.0,16.0,16.0,0.0,0.0,0.0,0.0,0.0,
link_window,24,RANDOM_COPY,0.0,True,100,1.0,1.0,0.0,1.0,1.0,1.0,1.0,0.0,1.0,1.0,1.0,1.0,0.0,1.0,1.0,112.0,112.0,0.0,112.0,112.0,4368.0,4368.0,0.0,4368.0,4368.0,2.9761904761904763,2.9761904761904763,0.0,2.9761904761904763,2.9761904761904763,0.0,0.0,0.0,0.0,0.0,0.0,0.0,0.0,0.0,0.0,16.0,16.0,0.0,16.0,16.0,0.0,0.0,0.0,0.0,0.0,
link_window,24,RANDOM_COPY,0.05,True,100,1.0,1.0,0.0,1.0,1.0,0.9979310344827587,1.0,0.008230457123308336,0.9963178648865902,0.9995442040789271,0.9862962962962963,0.9814814814814815,0.015261685342825083,0.9833050059691026,0.98928758662349,115.8,112.0,5.722540934539023,114.67838197683035,116.92161802316964,4439.76,4342.0,211.22079596115682,4398.360723991614,4481.159276008387,2.9342437795445067,2.9940119760479043,0.1308601378749079,2.9085951925210245,2.959892366567989,1.94,0.0,2.631664219777395,1.4241938129236305,2.4558061870763694,0.005925925925925926,0.0,0.014626563014720458,0.003059119575040716,0.008792732276811136,16.0,16.0,0.0,16.0,16.0,0.0,0.0,0.0,0.0,0.0,
link_window,24,RANDOM_COPY,0.1,True,100,0.9984615384615385,1.0,0.01082348416432997,0.9963401355653299,1.0005829413577472,0.9958620689655172,1.0,0.012282286524484935,0.9934547408067181,0.9982693971243163,0.9796296296296296,0.9814814814814815,0.017558347752145938,0.976188193470209,0.9830710657890502,129.73,131.5,10.361013756414286,127.6992413037428,131.7607586962572,4888.65,4933.5,374.1723897787319,4815.312211603368,4961.987788396631,2.6705965822465405,2.6246719160104988,0.2071452581799872,2.629996111643263,2.711197052849818,5.04,5.0,2.8030286650281866,4.490606381654476,5.589393618345524,0.017407407407407406,0.0,0.025083861230294477,0.012490970606269688,0.022323844208545125,16.0,16.0,0.0,16.0,16.0,0.0,0.0,0.0,0.0,0.0,
link_window,24,RANDOM_COPY,0.2,True,100,0.9892307692307692,1.0,0.02682577600152129,0.9839729171344711,0.9944886213270674,0.9862068965517241,1.0,0.022459963699273427,0.9818047436666665,0.9906090494367817,0.9633333333333334,0.9629629629629629,0.02482846333870129,0.9584669545189479,0.9681997121477188,142.82,145.0,5.328368901597857,141.77563969528683,143.86436030471316,5195.32,5252.0,192.52452972401866,5157.585192174092,5233.054807825907,2.479161431755435,2.460028322097288,0.12474070470755703,2.4547122536327537,2.503610609878116,7.14,7.0,3.0017503311409914,6.551656935096365,7.728343064903634,0.14296296296296296,0.09259259259259259,0.14419241877075162,0.11470124888389564,0.1712246770420303,16.0,16.0,0.0,16.0,16.0,0.0,0.0,0.0,0.0,0.0,
link_window,24,RANDOM_COPY,0.3,True,100,0.9723076923076923,1.0,0.04166173540838952,0.964141992167648,0.9804733924477367,0.9755172413793104,0.9655172413793104,0.02697645518573324,0.9702298561629067,0.9808046265957141,0.9338888888888889,0.9444444444444444,0.033733619345855344,0.9272770994971012,0.9405006782806765,142.81,143.0,2.8628409990529664,142.24888316418563,143.37111683581438,5013.97,5031.0,129.71993569676064,4988.544892603435,5039.395107396565,2.5221653712358276,2.5380710659898478,0.11730173104071173,2.499174231951848,2.5451565105198073,8.15,7.5,3.9398892462513806,7.37778170773473,8.92221829226527,0.5124074074074074,0.5092592592592593,0.2596738574743617,0.46151133134243255,0.5633034834723823,16.0,16.0,0.0,16.0,16.0,0.0,0.0,0.0,0.0,0.0,
max_redundancy,2,BURST_SAMPLE,0.0,True,100,1.0,1.0,0.0,1.0,1.0,1.0,1.0,0.0,1.0,1.0,1.0,1.0,0.0,1.0,1.0,96.0,96.0,0.0,96.0,96.0,3744.0,3744.0,0.0,3744.0,3744.0,3.4722222222222223,3.4722222222222223,0.0,3.4722222222222223,3.4722222222222223,0.0,0.0,0.0,0.0,0.0,0.0,0.0,0.0,0.0,0.0,16.0,16.0,0.0,16.0,16.0,0.0,0.0,0.0,0.0,0.0,
max_redundancy,2,BURST_SAMPLE,0.05,True,100,0.9484615384615385,1.0,0.09085558164623225,0.930653844458877,0.9662692324641999,0.9389655172413793,0.9137931034482758,0.0467168787522265,0.929809009005943,0.9481220254768157,0.9444444444444444,0.9444444444444444,0.0,0.9444444444444444,0.9444444444444444,97.97,97.0,2.3201140689477517,97.51525764248623,98.42474235751376,3748.16,3705.0,89.87462872740498,3730.5445727694287,3765.775427230571,3.2915708248654063,3.4364261168384878,0.3254848196127733,3.227775800221303,3.35536584950951,5.11,5.0,1.2862520921049825,4.857894589947424,5.3621054100525765,0.04092592592592592,0.037037037037037035,0.01649955712751435,0.037692012728933105,0.04415983912291874,16.0,16.0,0.0,16.0,16.0,0.0,0.0,0.0,0.0,0.0,
max_redundancy,2,BURST_SAMPLE,0.1,True,100,0.9107692307692308,0.9230769230769231,0.0976197504783834,0.8916357596754676,0.929902701862994,0.9062068965517242,0.896551724137931,0.056752030336447,0.8950834986057805,0.9173302944976678,0.9074074074074074,0.9074074074074074,0.0,0.9074074074074074,0.9074074074074074,98.65,98.0,2.5040371443335303,98.15920871971063,99.14079128028938,3726.19,3705.0,96.44872977259719,3707.286048964571,3745.093951035429,3.1791842905913787,3.2698722700575926,0.34658912797198094,3.1112528215088706,3.247115759673887,6.3,6.0,1.5986105077709065,5.986672340476902,6.613327659523097,0.06444444444444444,0.037037037037037035,0.04478297310822272,0.055666981715232794,0.07322190717365609,16.0,16.0,0.0,16.0,16.0,0.0,0.0,0.0,0.0,0.0,
max_redundancy,2,BURST_SAMPLE,0.2,True,100,0.7923076923076923,0.7692307692307693,0.15169435341281068,0.7625755990387814,0.8220397855766032,0.7927586206896552,0.7931034482758621,0.0849606893823041,0.7761063255707236,0.8094109158085868,0.7962962962962963,0.7962962962962963,0.0,0.7962962962962963,0.7962962962962963,100.15,100.5,2.3457462037750916,99.6902337440601,100.60976625593992,3637.4,3653.0,86.1728354863502,3620.5101242446754,3654.289875755325,2.8318796213398816,2.8542983933318506,0.5386111798977564,2.726311830079921,2.937447412599842,10.61,11.0,2.3736559195136993,10.144763439775314,11.075236560224685,0.27759259259259256,0.2777777777777778,0.09524793371352276,0.2589239975847421,0.296261187600443,16.0,16.0,0.0,16.0,16.0,0.0,0.0,0.0,0.0,0.0,
max_redundancy,2,BURST_SAMPLE,0.3,True,100,0.6984615384615385,0.6923076923076923,0.18021165807741446,0.6631400534783652,0.7337830234447117,0.6979310344827586,0.6896551724137931,0.09249059748685885,0.6798028773753343,0.7160591915901829,0.7037037037037037,0.7037037037037037,0.0,0.7037037037037037,0.7037037037037037,99.52,100.0,2.2895458506044823,99.07124901328152,99.96875098671848,3493.36,3484.0,80.69102061618014,3477.544559959229,3509.1754400407713,2.6004085918441175,2.6576992225847187,0.6727408249404768,2.4685513901557843,2.732265793532451,10.31,10.0,2.6002913589663663,9.800342893642593,10.819657106357408,0.5175925925925926,0.5185185185185185,0.0951343972832031,0.4989462507250848,0.5362389344601004,16.0,16.0,0.0,16.0,16.0,0.0,0.0,0.0,0.0,0.0,
max_redundancy,2,RANDOM_COPY,0.0,True,100,1.0,1.0,0.0,1.0,1.0,1.0,1.0,0.0,1.0,1.0,1.0,1.0,0.0,1.0,1.0,96.0,96.0,0.0,96.0,96.0,3744.0,3744.0,0.0,3744.0,3744.0,3.4722222222222223,3.4722222222222223,0.0,3.4722222222222223,3.4722222222222223,0.0,0.0,0.0,0.0,0.0,0.0,0.0,0.0,0.0,0.0,16.0,16.0,0.0,16.0,16.0,0.0,0.0,0.0,0.0,0.0,
max_redundancy,2,RANDOM_COPY,0.05,True,100,1.0,1.0,0.0,1.0,1.0,0.9979310344827587,1.0,0.008230457123308336,0.9963178648865902,0.9995442040789271,0.9868518518518519,0.9814814814814815,0.014957922721237537,0.9839200989984893,0.9897836047052144,97.73,97.0,2.004313530182523,97.33715454808423,98.12284545191578,3746.47,3718.0,71.95978885545185,3732.3658813843313,3760.5741186156683,3.471180271586418,3.4965034965034967,0.06560843685406903,3.4583210179630206,3.4840395252098157,2.57,2.0,2.586893929410366,2.062968789835568,3.0770312101644315,0.005925925925925926,0.0,0.014626563014720458,0.003059119575040716,0.008792732276811136,16.0,16.0,0.0,16.0,16.0,0.0,0.0,0.0,0.0,0.0,
max_redundancy,2,RANDOM_COPY,0.1,True,100,0.9907692307692307,1.0,0.025122971720853093,0.9858451283119435,0.995693333226518,0.9913793103448276,1.0,0.016530085704865582,0.988139413546674,0.9946192071429812,0.9738888888888889,0.9814814814814815,0.020573419200185607,0.9698564987256525,0.9779212790521253,99.82,100.0,2.532136878550836,99.32370117180403,100.31629882819595,3763.37,3757.0,93.64403425480532,3745.015769286058,3781.724230713942,3.424260808641106,3.4364261168384878,0.11326485593943984,3.402060896876976,3.446460720405236,6.39,6.0,3.1201366196454483,5.778453222549492,7.001546777450508,0.0187037037037037,0.0,0.027792738208525892,0.013256327014832626,0.024151080392574777,16.0,16.0,0.0,16.0,16.0,0.0,0.0,0.0,0.0,0.0,
max_redundancy,2,RANDOM_COPY,0.2,True,100,0.96,1.0,0.06693508809860159,0.9468807227326741,0.9731192772673258,0.9555172413793104,0.9655172413793104,0.040799078320401805,0.9475206220285116,0.9635138607301091,0.9372222222222222,0.9444444444444444,0.036745485465326945,0.9300201070710181,0.9444243373734262,102.01,103.0,2.5365808530859852,101.51283015279515,102.50716984720486,3712.8,3724.5,105.24008146839657,3692.1729440321947,3733.4270559678057,3.3631037029552586,3.407164913747069,0.24212058593170865,3.315648068112644,3.4105593377978733,9.09,9.0,2.9647593460174773,8.508907168180574,9.671092831819426,0.15777777777777777,0.12962962962962962,0.12355439463820263,0.13356111642869006,0.18199443912686547,16.0,16.0,0.0,16.0,16.0,0.0,0.0,0.0,0.0,0.0,
max_redundancy,2,RANDOM_COPY,0.3,True,100,0.9184615384615384,0.9230769230769231,0.08596438263712929,0.9016125194646611,0.9353105574584157,0.9065517241379311,0.896551724137931,0.05353163688365526,0.8960595233087346,0.9170439249671275,0.8837037037037037,0.8888888888888888,0.042202461886461574,0.8754320211739572,0.8919753862334501,101.0,101.0,2.853316340929295,100.44074999717786,101.55925000282214,3549.39,3562.0,116.03237923227736,3526.6476536704736,3572.132346329526,3.36530525859335,3.421730476524997,0.31031079783172866,3.3044843422183314,3.4261261749683687,9.88,9.0,3.4503110678091713,9.203739030709404,10.556260969290598,0.45037037037037037,0.4537037037037037,0.1874511570788499,0.41362994358291577,0.48711079715782496,16.0,16.0,0.0,16.0,16.0,0.0,0.0,0.0,0.0,0.0,
max_redundancy,3,BURST_SAMPLE,0.0,True,100,1.0,1.0,0.0,1.0,1.0,1.0,1.0,0.0,1.0,1.0,1.0,1.0,0.0,1.0,1.0,112.0,112.0,0.0,112.0,112.0,4368.0,4368.0,0.0,4368.0,4368.0,2.9761904761904763,2.9761904761904763,0.0,2.9761904761904763,2.9761904761904763,0.0,0.0,0.0,0.0,0.0,0.0,0.0,0.0,0.0,0.0,16.0,16.0,0.0,16.0,16.0,0.0,0.0,0.0,0.0,0.0,
max_redundancy,3,BURST_SAMPLE,0.05,True,100,0.9484615384615385,1.0,0.09085558164623225,0.930653844458877,0.9662692324641999,0.9389655172413793,0.9137931034482758,0.0467168787522265,0.929809009005943,0.9481220254768157,0.9444444444444444,0.9444444444444444,0.0,0.9444444444444444,0.9444444444444444,122.45,122.0,4.236386396089206,121.61966826636652,123.28033173363349,4687.15,4680.0,168.28003206536178,4654.167113715189,4720.13288628481,2.631719181195079,2.7084987745884677,0.2495717368563602,2.5828031207712323,2.6806352416189254,5.11,5.0,1.2862520921049825,4.857894589947424,5.3621054100525765,0.04092592592592592,0.037037037037037035,0.01649955712751435,0.037692012728933105,0.04415983912291874,16.0,16.0,0.0,16.0,16.0,0.0,0.0,0.0,0.0,0.0,
max_redundancy,3,BURST_SAMPLE,0.1,True,100,0.9107692307692308,0.9230769230769231,0.0976197504783834,0.8916357596754676,0.929902701862994,0.9062068965517242,0.896551724137931,0.056752030336447,0.8950834986057805,0.9173302944976678,0.9074074074074074,0.9074074074074074,0.0,0.9074074074074074,0.9074074074074074,125.68,126.0,4.848992397676787,124.72959749005535,126.63040250994466,4746.69,4751.5,192.0552159135387,4709.047177680946,4784.332822319053,2.495575467707682,2.541957087411633,0.2625268362260345,2.444120207807379,2.547030727607985,6.3,6.0,1.5986105077709065,5.986672340476902,6.613327659523097,0.06444444444444444,0.037037037037037035,0.04478297310822272,0.055666981715232794,0.07322190717365609,16.0,16.0,0.0,16.0,16.0,0.0,0.0,0.0,0.0,0.0,
max_redundancy,3,BURST_SAMPLE,0.2,True,100,0.7923076923076923,0.7692307692307693,0.15169435341281068,0.7625755990387814,0.8220397855766032,0.7927586206896552,0.7931034482758621,0.0849606893823041,0.7761063255707236,0.8094109158085868,0.7962962962962963,0.7962962962962963,0.0,0.7962962962962963,0.7962962962962963,137.36,138.0,4.9757391207718875,136.38475513232873,138.3352448676713,4989.14,5005.0,189.46836947180137,4952.004199583527,5026.275800416473,2.0641801561672426,2.073398299813394,0.38922697140322315,1.9878916697722109,2.1404686425622743,10.61,11.0,2.3736559195136993,10.144763439775314,11.075236560224685,0.27759259259259256,0.2777777777777778,0.09524793371352276,0.2589239975847421,0.296261187600443,16.0,16.0,0.0,16.0,16.0,0.0,0.0,0.0,0.0,0.0,
max_redundancy,3,BURST_SAMPLE,0.3,True,100,0.6984615384615385,0.6923076923076923,0.18021165807741446,0.6631400534783652,0.7337830234447117,0.6979310344827586,0.6896551724137931,0.09249059748685885,0.6798028773753343,0.7160591915901829,0.7037037037037037,0.7037037037037037,0.0,0.7037037037037037,0.7037037037037037,140.29,141.0,3.5456474953971613,139.59505309090216,140.98494690909783,4922.19,4940.0,131.19803021125406,4896.475186078594,4947.904813921406,1.8460656005638019,1.9178822896055383,0.4789297349438064,1.7521953725148158,1.939935828612788,10.31,10.0,2.6002913589663663,9.800342893642593,10.819657106357408,0.5175925925925926,0.5185185185185185,0.0951343972832031,0.4989462507250848,0.5362389344601004,16.0,16.0,0.0,16.0,16.0,0.0,0.0,0.0,0.0,0.0,
max_redundancy,3,RANDOM_COPY,0.0,True,100,1.0,1.0,0.0,1.0,1.0,1.0,1.0,0.0,1.0,1.0,1.0,1.0,0.0,1.0,1.0,112.0,112.0,0.0,112.0,112.0,4368.0,4368.0,0.0,4368.0,4368.0,2.9761904761904763,2.9761904761904763,0.0,2.9761904761904763,2.9761904761904763,0.0,0.0,0.0,0.0,0.0,0.0,0.0,0.0,0.0,0.0,16.0,16.0,0.0,16.0,16.0,0.0,0.0,0.0,0.0,0.0,
max_redundancy,3,RANDOM_COPY,0.05,True,100,1.0,1.0,0.0,1.0,1.0,0.9982758620689656,1.0,0.007553203915778967,0.9967954341014729,0.9997562900364583,0.987037037037037,0.9814814814814815,0.014772667318841965,0.984141594242544,0.9899324798315301,116.45,115.0,4.667478284400854,115.53517425625743,117.36482574374257,4464.85,4407.0,167.83309259409174,4431.954713851558,4497.745286148443,2.9155870038425427,2.949852507374631,0.10633873002866621,2.894744612756924,2.9364293949281612,2.57,2.0,2.586893929410366,2.062968789835568,3.0770312101644315,0.005925925925925926,0.0,0.014626563014720458,0.003059119575040716,0.008792732276811136,16.0,16.0,0.0,16.0,16.0,0.0,0.0,0.0,0.0,0.0,
max_redundancy,3,RANDOM_COPY,0.1,True,100,0.9984615384615385,1.0,0.01082348416432997,0.9963401355653299,1.0005829413577472,0.9955172413793103,1.0,0.011655092034125196,0.9932328433406218,0.9978016394179988,0.9779629629629629,0.9814814814814815,0.018740717081501462,0.9742897824149886,0.9816361435109372,127.83,127.5,7.822597414096568,126.29677090683707,129.36322909316291,4817.54,4790.5,279.883324175477,4762.682868461607,4872.397131538393,2.703164605813,2.6990602462300575,0.15712243510593155,2.672368608532237,2.7339606030937627,6.39,6.0,3.1201366196454483,5.778453222549492,7.001546777450508,0.0187037037037037,0.0,0.027792738208525892,0.013256327014832626,0.024151080392574777,16.0,16.0,0.0,16.0,16.0,0.0,0.0,0.0,0.0,0.0,
max_redundancy,3,RANDOM_COPY,0.2,True,100,0.9892307692307692,1.0,0.02682577600152129,0.9839729171344711,0.9944886213270674,0.9841379310344828,1.0,0.024219893684718934,0.9793908318722778,0.9888850301966877,0.9596296296296296,0.9629629629629629,0.027275036505119477,0.9542837224746262,0.964975536784633,140.68,142.0,5.5611930992250835,139.5900061525519,141.76999384744812,5116.8,5161.0,193.95105078604266,5078.785594045936,5154.814405954065,2.5173340111858655,2.512562814070352,0.1275123126601714,2.492341597904472,2.542326424467259,9.09,9.0,2.9647593460174773,8.508907168180574,9.671092831819426,0.15777777777777777,0.12962962962962962,0.12355439463820263,0.13356111642869006,0.18199443912686547,16.0,16.0,0.0,16.0,16.0,0.0,0.0,0.0,0.0,0.0,
max_redundancy,3,RANDOM_COPY,0.3,True,100,0.9723076923076923,1.0,0.04166173540838952,0.964141992167648,0.9804733924477367,0.9748275862068966,0.9655172413793104,0.026779837685433433,0.9695787380205516,0.9800764343932415,0.9333333333333333,0.9444444444444444,0.03223660295475886,0.9270149591542006,0.9396517075124661,142.65,143.0,3.002944682753375,142.06142284218035,143.23857715781966,5007.6,5011.5,124.99244421608496,4983.1014809336475,5032.098519066353,2.525514539631032,2.5477748351248897,0.12163639569731821,2.5016738060743577,2.5493552731877065,9.88,9.0,3.4503110678091713,9.203739030709404,10.556260969290598,0.45037037037037037,0.4537037037037037,0.1874511570788499,0.41362994358291577,0.48711079715782496,16.0,16.0,0.0,16.0,16.0,0.0,0.0,0.0,0.0,0.0,
max_redundancy,4,RANDOM_COPY,0.0,False,0,,,,,,,,,,,,,,,,,,,,,,,,,,,,,,,,,,,,,,,,,,,,,,,,,,,Frozen v1 supports only 3 canonical copy opportunities; a fourth would change policy and loss calendar.
max_redundancy,4,RANDOM_COPY,0.05,False,0,,,,,,,,,,,,,,,,,,,,,,,,,,,,,,,,,,,,,,,,,,,,,,,,,,,Frozen v1 supports only 3 canonical copy opportunities; a fourth would change policy and loss calendar.
max_redundancy,4,RANDOM_COPY,0.1,False,0,,,,,,,,,,,,,,,,,,,,,,,,,,,,,,,,,,,,,,,,,,,,,,,,,,,Frozen v1 supports only 3 canonical copy opportunities; a fourth would change policy and loss calendar.
max_redundancy,4,RANDOM_COPY,0.2,False,0,,,,,,,,,,,,,,,,,,,,,,,,,,,,,,,,,,,,,,,,,,,,,,,,,,,Frozen v1 supports only 3 canonical copy opportunities; a fourth would change policy and loss calendar.
max_redundancy,4,RANDOM_COPY,0.3,False,0,,,,,,,,,,,,,,,,,,,,,,,,,,,,,,,,,,,,,,,,,,,,,,,,,,,Frozen v1 supports only 3 canonical copy opportunities; a fourth would change policy and loss calendar.
max_redundancy,4,BURST_SAMPLE,0.0,False,0,,,,,,,,,,,,,,,,,,,,,,,,,,,,,,,,,,,,,,,,,,,,,,,,,,,Frozen v1 supports only 3 canonical copy opportunities; a fourth would change policy and loss calendar.
max_redundancy,4,BURST_SAMPLE,0.05,False,0,,,,,,,,,,,,,,,,,,,,,,,,,,,,,,,,,,,,,,,,,,,,,,,,,,,Frozen v1 supports only 3 canonical copy opportunities; a fourth would change policy and loss calendar.
max_redundancy,4,BURST_SAMPLE,0.1,False,0,,,,,,,,,,,,,,,,,,,,,,,,,,,,,,,,,,,,,,,,,,,,,,,,,,,Frozen v1 supports only 3 canonical copy opportunities; a fourth would change policy and loss calendar.
max_redundancy,4,BURST_SAMPLE,0.2,False,0,,,,,,,,,,,,,,,,,,,,,,,,,,,,,,,,,,,,,,,,,,,,,,,,,,,Frozen v1 supports only 3 canonical copy opportunities; a fourth would change policy and loss calendar.
max_redundancy,4,BURST_SAMPLE,0.3,False,0,,,,,,,,,,,,,,,,,,,,,,,,,,,,,,,,,,,,,,,,,,,,,,,,,,,Frozen v1 supports only 3 canonical copy opportunities; a fourth would change policy and loss calendar.
