loss_model,loss_rate,strategy,mean_data_copies,mean_bytes,mean_critical_delivery,pareto_efficient
RANDOM_COPY,0.0,EVENTGUARD,112.0,4368.0,1.0,False
RANDOM_COPY,0.0,FIXED_1,54.0,2106.0,1.0,True
RANDOM_COPY,0.0,FIXED_2,108.0,4212.0,1.0,False
RANDOM_COPY,0.0,FIXED_3,162.0,6318.0,1.0,False
RANDOM_COPY,0.0,IMPORTANCE_ONLY,112.0,4368.0,1.0,False
RANDOM_COPY,0.0,LINK_ONLY,54.0,2106.0,1.0,True
RANDOM_COPY,0.0,RANDOM_BUDGET,112.0,4368.0,1.0,False
RANDOM_COPY,0.0,UNIFORM_BUDGET,112.0,4368.0,1.0,False
RANDOM_COPY,0.05,EVENTGUARD,116.45,4464.85,1.0,False
RANDOM_COPY,0.05,FIXED_1,54.0,2069.99,0.956923076923077,True
RANDOM_COPY,0.05,FIXED_2,108.0,4139.2,1.0,True
RANDOM_COPY,0.05,FIXED_3,162.0,6210.23,1.0,False
RANDOM_COPY,0.05,IMPORTANCE_ONLY,112.0,4293.64,1.0,False
RANDOM_COPY,0.05,LINK_ONLY,60.16,2306.59,0.96,True
RANDOM_COPY,0.05,RANDOM_BUDGET,116.45,4463.42,1.0,False
RANDOM_COPY,0.05,UNIFORM_BUDGET,116.45,4463.55,1.0,False
RANDOM_COPY,0.1,EVENTGUARD,127.83,4817.54,0.9984615384615385,False
RANDOM_COPY,0.1,FIXED_1,54.0,2034.11,0.8992307692307693,True
RANDOM_COPY,0.1,FIXED_2,108.0,4071.86,0.9907692307692307,True
RANDOM_COPY,0.1,FIXED_3,162.0,6103.63,0.9984615384615385,False
RANDOM_COPY,0.1,IMPORTANCE_ONLY,112.0,4223.7,0.9984615384615385,True
RANDOM_COPY,0.1,LINK_ONLY,77.97,2936.96,0.9415384615384615,True
RANDOM_COPY,0.1,RANDOM_BUDGET,127.83,4816.63,0.9930769230769231,False
RANDOM_COPY,0.1,UNIFORM_BUDGET,127.83,4815.07,0.9907692307692307,False
RANDOM_COPY,0.2,EVENTGUARD,140.68,5116.8,0.9892307692307692,False
RANDOM_COPY,0.2,FIXED_1,54.0,1963.13,0.7915384615384615,True
RANDOM_COPY,0.2,FIXED_2,108.0,3932.5,0.96,True
RANDOM_COPY,0.2,FIXED_3,162.0,5894.33,0.9892307692307692,False
RANDOM_COPY,0.2,IMPORTANCE_ONLY,112.0,4076.8,0.9892307692307692,True
RANDOM_COPY,0.2,LINK_ONLY,107.02,3894.93,0.9415384615384615,True
RANDOM_COPY,0.2,RANDOM_BUDGET,140.68,5118.36,0.9769230769230769,False
RANDOM_COPY,0.2,UNIFORM_BUDGET,140.68,5116.67,0.9746153846153847,False
RANDOM_COPY,0.3,EVENTGUARD,142.65,5007.6,0.9723076923076923,False
RANDOM_COPY,0.3,FIXED_1,54.0,1896.44,0.7038461538461539,True
RANDOM_COPY,0.3,FIXED_2,108.0,3795.74,0.9184615384615384,True
RANDOM_COPY,0.3,FIXED_3,162.0,5686.98,0.9723076923076923,False
RANDOM_COPY,0.3,IMPORTANCE_ONLY,112.0,3934.58,0.9723076923076923,True
RANDOM_COPY,0.3,LINK_ONLY,129.48,4543.63,0.9384615384615385,False
RANDOM_COPY,0.3,RANDOM_BUDGET,142.65,5010.98,0.9492307692307692,False
RANDOM_COPY,0.3,UNIFORM_BUDGET,142.65,5009.29,0.9438461538461539,False
BURST_SAMPLE,0.0,EVENTGUARD,112.0,4368.0,1.0,False
BURST_SAMPLE,0.0,FIXED_1,54.0,2106.0,1.0,True
BURST_SAMPLE,0.0,FIXED_2,108.0,4212.0,1.0,False
BURST_SAMPLE,0.0,FIXED_3,162.0,6318.0,1.0,False
BURST_SAMPLE,0.0,IMPORTANCE_ONLY,112.0,4368.0,1.0,False
BURST_SAMPLE,0.0,LINK_ONLY,54.0,2106.0,1.0,True
BURST_SAMPLE,0.0,RANDOM_BUDGET,112.0,4368.0,1.0,False
BURST_SAMPLE,0.0,UNIFORM_BUDGET,112.0,4368.0,1.0,False
BURST_SAMPLE,0.05,EVENTGUARD,122.45,4687.15,0.9484615384615385,False
BURST_SAMPLE,0.05,FIXED_1,54.0,2067.0,0.9484615384615385,True
BURST_SAMPLE,0.05,FIXED_2,108.0,4134.0,0.9484615384615385,False
BURST_SAMPLE,0.05,FIXED_3,162.0,6201.0,0.9484615384615385,False
BURST_SAMPLE,0.05,IMPORTANCE_ONLY,112.0,4287.01,0.9484615384615385,False
BURST_SAMPLE,0.05,LINK_ONLY,73.05,2796.95,0.9484615384615385,False
BURST_SAMPLE,0.05,RANDOM_BUDGET,122.45,4688.97,0.9484615384615385,False
BURST_SAMPLE,0.05,UNIFORM_BUDGET,122.45,4685.33,0.9484615384615385,False
BURST_SAMPLE,0.1,EVENTGUARD,125.68,4746.69,0.9107692307692308,False
BURST_SAMPLE,0.1,FIXED_1,54.0,2041.0,0.9107692307692308,True
BURST_SAMPLE,0.1,FIXED_2,108.0,4082.0,0.9107692307692308,False
BURST_SAMPLE,0.1,FIXED_3,162.0,6123.0,0.9107692307692308,False
BURST_SAMPLE,0.1,IMPORTANCE_ONLY,112.0,4233.71,0.9107692307692308,False
BURST_SAMPLE,0.1,LINK_ONLY,79.07,2980.38,0.9107692307692308,False
BURST_SAMPLE,0.1,RANDOM_BUDGET,125.68,4751.37,0.9107692307692308,False
BURST_SAMPLE,0.1,UNIFORM_BUDGET,125.68,4749.16,0.9107692307692308,False
BURST_SAMPLE,0.2,EVENTGUARD,137.36,4989.14,0.7923076923076923,False
BURST_SAMPLE,0.2,FIXED_1,54.0,1963.0,0.7923076923076923,True
BURST_SAMPLE,0.2,FIXED_2,108.0,3926.0,0.7923076923076923,False
BURST_SAMPLE,0.2,FIXED_3,162.0,5889.0,0.7923076923076923,False
BURST_SAMPLE,0.2,IMPORTANCE_ONLY,112.0,4069.78,0.7923076923076923,False
BURST_SAMPLE,0.2,LINK_ONLY,110.83,4017.39,0.7923076923076923,False
BURST_SAMPLE,0.2,RANDOM_BUDGET,137.36,4994.47,0.7923076923076923,False
BURST_SAMPLE,0.2,UNIFORM_BUDGET,137.36,4993.3,0.7923076923076923,False
BURST_SAMPLE,0.3,EVENTGUARD,140.29,4922.19,0.6984615384615385,False
BURST_SAMPLE,0.3,FIXED_1,54.0,1898.0,0.6984615384615385,True
BURST_SAMPLE,0.3,FIXED_2,108.0,3796.0,0.6984615384615385,False
BURST_SAMPLE,0.3,FIXED_3,162.0,5694.0,0.6984615384615385,False
BURST_SAMPLE,0.3,IMPORTANCE_ONLY,112.0,3933.54,0.6984615384615385,False
BURST_SAMPLE,0.3,LINK_ONLY,130.7,4579.64,0.6984615384615385,False
BURST_SAMPLE,0.3,RANDOM_BUDGET,140.29,4932.98,0.6984615384615385,False
BURST_SAMPLE,0.3,UNIFORM_BUDGET,140.29,4928.17,0.6984615384615385,False
