loss_model,loss_rate,strategy,metric,n,mean,median,std,ci95_low,ci95_high
RANDOM_COPY,0.0,EVENTGUARD,critical_event_delivery_ratio,100,1.0,1.0,0.0,1.0,1.0
RANDOM_COPY,0.0,EVENTGUARD,important_event_delivery_ratio,100,1.0,1.0,0.0,1.0,1.0
RANDOM_COPY,0.0,EVENTGUARD,overall_delivery_ratio,100,1.0,1.0,0.0,1.0,1.0
RANDOM_COPY,0.0,EVENTGUARD,physical_data_transmissions,100,112.0,112.0,0.0,112.0,112.0
RANDOM_COPY,0.0,EVENTGUARD,ack_count,100,112.0,112.0,0.0,112.0,112.0
RANDOM_COPY,0.0,EVENTGUARD,data_bytes_transmitted,100,2912.0,2912.0,0.0,2912.0,2912.0
RANDOM_COPY,0.0,EVENTGUARD,ack_bytes_transmitted,100,1456.0,1456.0,0.0,1456.0,1456.0
RANDOM_COPY,0.0,EVENTGUARD,total_bytes_transmitted,100,4368.0,4368.0,0.0,4368.0,4368.0
RANDOM_COPY,0.0,EVENTGUARD,critical_traffic_share,100,0.3482142857142857,0.3482142857142857,0.0,0.3482142857142857,0.3482142857142857
RANDOM_COPY,0.0,EVENTGUARD,estimated_communication_time_ms,100,4550.0,4550.0,0.0,4550.0,4550.0
RANDOM_COPY,0.0,IMPORTANCE_MATCHED_BUDGET,critical_event_delivery_ratio,100,1.0,1.0,0.0,1.0,1.0
RANDOM_COPY,0.0,IMPORTANCE_MATCHED_BUDGET,important_event_delivery_ratio,100,1.0,1.0,0.0,1.0,1.0
RANDOM_COPY,0.0,IMPORTANCE_MATCHED_BUDGET,overall_delivery_ratio,100,1.0,1.0,0.0,1.0,1.0
RANDOM_COPY,0.0,IMPORTANCE_MATCHED_BUDGET,physical_data_transmissions,100,112.0,112.0,0.0,112.0,112.0
RANDOM_COPY,0.0,IMPORTANCE_MATCHED_BUDGET,ack_count,100,112.0,112.0,0.0,112.0,112.0
RANDOM_COPY,0.0,IMPORTANCE_MATCHED_BUDGET,data_bytes_transmitted,100,2912.0,2912.0,0.0,2912.0,2912.0
RANDOM_COPY,0.0,IMPORTANCE_MATCHED_BUDGET,ack_bytes_transmitted,100,1456.0,1456.0,0.0,1456.0,1456.0
RANDOM_COPY,0.0,IMPORTANCE_MATCHED_BUDGET,total_bytes_transmitted,100,4368.0,4368.0,0.0,4368.0,4368.0
RANDOM_COPY,0.0,IMPORTANCE_MATCHED_BUDGET,critical_traffic_share,100,0.3482142857142857,0.3482142857142857,0.0,0.3482142857142857,0.3482142857142857
RANDOM_COPY,0.0,IMPORTANCE_MATCHED_BUDGET,important_traffic_share,100,0.5446428571428571,0.5446428571428571,0.0,0.5446428571428571,0.5446428571428571
RANDOM_COPY,0.0,IMPORTANCE_MATCHED_BUDGET,estimated_communication_time_ms,100,4550.0,4550.0,0.0,4550.0,4550.0
RANDOM_COPY,0.0,IMPORTANCE_ONLY,critical_event_delivery_ratio,100,1.0,1.0,0.0,1.0,1.0
RANDOM_COPY,0.0,IMPORTANCE_ONLY,important_event_delivery_ratio,100,1.0,1.0,0.0,1.0,1.0
RANDOM_COPY,0.0,IMPORTANCE_ONLY,overall_delivery_ratio,100,1.0,1.0,0.0,1.0,1.0
RANDOM_COPY,0.0,IMPORTANCE_ONLY,physical_data_transmissions,100,112.0,112.0,0.0,112.0,112.0
RANDOM_COPY,0.0,IMPORTANCE_ONLY,ack_count,100,112.0,112.0,0.0,112.0,112.0
RANDOM_COPY,0.0,IMPORTANCE_ONLY,data_bytes_transmitted,100,2912.0,2912.0,0.0,2912.0,2912.0
RANDOM_COPY,0.0,IMPORTANCE_ONLY,ack_bytes_transmitted,100,1456.0,1456.0,0.0,1456.0,1456.0
RANDOM_COPY,0.0,IMPORTANCE_ONLY,total_bytes_transmitted,100,4368.0,4368.0,0.0,4368.0,4368.0
RANDOM_COPY,0.0,IMPORTANCE_ONLY,critical_traffic_share,100,0.3482142857142857,0.3482142857142857,0.0,0.3482142857142857,0.3482142857142857
RANDOM_COPY,0.0,IMPORTANCE_ONLY,estimated_communication_time_ms,100,4550.0,4550.0,0.0,4550.0,4550.0
RANDOM_COPY,0.05,EVENTGUARD,critical_event_delivery_ratio,100,1.0,1.0,0.0,1.0,1.0
RANDOM_COPY,0.05,EVENTGUARD,important_event_delivery_ratio,100,0.9982758620689656,1.0,0.007553203915778967,0.9967954341014729,0.9997562900364583
RANDOM_COPY,0.05,EVENTGUARD,overall_delivery_ratio,100,0.987037037037037,0.9814814814814815,0.014772667318841965,0.984141594242544,0.9899324798315301
RANDOM_COPY,0.05,EVENTGUARD,physical_data_transmissions,100,116.45,115.0,4.667478284400854,115.53517425625743,117.36482574374257
RANDOM_COPY,0.05,EVENTGUARD,ack_count,100,110.55,109.0,4.051125295719223,109.75597944203903,111.34402055796096
RANDOM_COPY,0.05,EVENTGUARD,data_bytes_transmitted,100,3027.7,2990.0,121.3544353944222,3003.914530662693,3051.4854693373068
RANDOM_COPY,0.05,EVENTGUARD,ack_bytes_transmitted,100,1437.15,1417.0,52.6646288443499,1426.8277327465075,1447.4722672534926
RANDOM_COPY,0.05,EVENTGUARD,total_bytes_transmitted,100,4464.85,4407.0,167.83309259409174,4431.954713851558,4497.745286148443
RANDOM_COPY,0.05,EVENTGUARD,critical_traffic_share,100,0.335425380121246,0.3391304347826087,0.013054630239474991,0.3328666725943089,0.3379840876481831
RANDOM_COPY,0.05,EVENTGUARD,estimated_communication_time_ms,100,4650.885416666667,4590.625,174.8261381188455,4616.619493595374,4685.15133973796
RANDOM_COPY,0.05,IMPORTANCE_MATCHED_BUDGET,critical_event_delivery_ratio,100,1.0,1.0,0.0,1.0,1.0
RANDOM_COPY,0.05,IMPORTANCE_MATCHED_BUDGET,important_event_delivery_ratio,100,0.9979310344827587,1.0,0.008230457123308336,0.9963178648865902,0.9995442040789271
RANDOM_COPY,0.05,IMPORTANCE_MATCHED_BUDGET,overall_delivery_ratio,100,0.9844444444444445,0.9814814814814815,0.016796064176458316,0.9811524158658587,0.9877364730230302
RANDOM_COPY,0.05,IMPORTANCE_MATCHED_BUDGET,physical_data_transmissions,100,116.45,115.0,4.667478284400854,115.53517425625743,117.36482574374257
RANDOM_COPY,0.05,IMPORTANCE_MATCHED_BUDGET,ack_count,100,110.53,109.0,4.127892313214451,109.72093310660996,111.33906689339004
RANDOM_COPY,0.05,IMPORTANCE_MATCHED_BUDGET,data_bytes_transmitted,100,3027.7,2990.0,121.3544353944222,3003.914530662693,3051.4854693373068
RANDOM_COPY,0.05,IMPORTANCE_MATCHED_BUDGET,ack_bytes_transmitted,100,1436.89,1417.0,53.66260007178786,1426.3721303859297,1447.4078696140705
RANDOM_COPY,0.05,IMPORTANCE_MATCHED_BUDGET,total_bytes_transmitted,100,4464.59,4407.0,168.3903650762271,4431.58548844506,4497.59451155494
RANDOM_COPY,0.05,IMPORTANCE_MATCHED_BUDGET,critical_traffic_share,100,0.335425380121246,0.3391304347826087,0.013054630239474991,0.3328666725943089,0.3379840876481831
RANDOM_COPY,0.05,IMPORTANCE_MATCHED_BUDGET,important_traffic_share,100,0.5613668106106783,0.5565217391304348,0.017071439543928858,0.5580208084600682,0.5647128127612884
RANDOM_COPY,0.05,IMPORTANCE_MATCHED_BUDGET,estimated_communication_time_ms,100,4650.614583333333,4590.625,175.4066302877365,4616.234883796937,4684.994282869729
RANDOM_COPY,0.05,IMPORTANCE_ONLY,critical_event_delivery_ratio,100,1.0,1.0,0.0,1.0,1.0
RANDOM_COPY,0.05,IMPORTANCE_ONLY,important_event_delivery_ratio,100,0.9979310344827587,1.0,0.008230457123308336,0.9963178648865902,0.9995442040789271
RANDOM_COPY,0.05,IMPORTANCE_ONLY,overall_delivery_ratio,100,0.9844444444444445,0.9814814814814815,0.016796064176458316,0.9811524158658587,0.9877364730230302
RANDOM_COPY,0.05,IMPORTANCE_ONLY,physical_data_transmissions,100,112.0,112.0,0.0,112.0,112.0
RANDOM_COPY,0.05,IMPORTANCE_ONLY,ack_count,100,106.28,106.0,2.490710011951685,105.79182083765747,106.76817916234253
RANDOM_COPY,0.05,IMPORTANCE_ONLY,data_bytes_transmitted,100,2912.0,2912.0,0.0,2912.0,2912.0
RANDOM_COPY,0.05,IMPORTANCE_ONLY,ack_bytes_transmitted,100,1381.64,1378.0,32.37923015537191,1375.2936708895472,1387.986329110453
RANDOM_COPY,0.05,IMPORTANCE_ONLY,total_bytes_transmitted,100,4293.64,4290.0,32.37923015537191,4287.293670889548,4299.986329110453
RANDOM_COPY,0.05,IMPORTANCE_ONLY,critical_traffic_share,100,0.3482142857142857,0.3482142857142857,0.0,0.3482142857142857,0.3482142857142857
RANDOM_COPY,0.05,IMPORTANCE_ONLY,estimated_communication_time_ms,100,4472.541666666667,4468.75,33.72836474517911,4465.930907176612,4479.152426156722
RANDOM_COPY,0.1,EVENTGUARD,critical_event_delivery_ratio,100,0.9984615384615385,1.0,0.01082348416432997,0.9963401355653299,1.0005829413577472
RANDOM_COPY,0.1,EVENTGUARD,important_event_delivery_ratio,100,0.9955172413793103,1.0,0.011655092034125196,0.9932328433406218,0.9978016394179988
RANDOM_COPY,0.1,EVENTGUARD,overall_delivery_ratio,100,0.9779629629629629,0.9814814814814815,0.018740717081501462,0.9742897824149886,0.9816361435109372
RANDOM_COPY,0.1,EVENTGUARD,physical_data_transmissions,100,127.83,127.5,7.822597414096568,126.29677090683707,129.36322909316291
RANDOM_COPY,0.1,EVENTGUARD,ack_count,100,114.92,114.5,6.445858430736042,113.65661174757574,116.18338825242427
RANDOM_COPY,0.1,EVENTGUARD,data_bytes_transmitted,100,3323.58,3315.0,203.38753276651076,3283.7160435777637,3363.443956422236
RANDOM_COPY,0.1,EVENTGUARD,ack_bytes_transmitted,100,1493.96,1488.5,83.79615959956854,1477.5359527184846,1510.3840472815154
RANDOM_COPY,0.1,EVENTGUARD,total_bytes_transmitted,100,4817.54,4790.5,279.883324175477,4762.682868461607,4872.397131538393
RANDOM_COPY,0.1,EVENTGUARD,critical_traffic_share,100,0.30621950697241784,0.3058870570866142,0.01864707173775315,0.3025646809118182,0.3098743330330175
RANDOM_COPY,0.1,EVENTGUARD,estimated_communication_time_ms,100,5018.270833333333,4990.104166666666,291.54512934945524,4961.12798798084,5075.413678685826
RANDOM_COPY,0.1,IMPORTANCE_MATCHED_BUDGET,critical_event_delivery_ratio,100,0.9984615384615385,1.0,0.01082348416432997,0.9963401355653299,1.0005829413577472
RANDOM_COPY,0.1,IMPORTANCE_MATCHED_BUDGET,important_event_delivery_ratio,100,0.9972413793103448,1.0,0.009402066356699669,0.9953985743044317,0.999084184316258
RANDOM_COPY,0.1,IMPORTANCE_MATCHED_BUDGET,overall_delivery_ratio,100,0.9735185185185186,0.9814814814814815,0.02043149690047732,0.969513945126025,0.9775230919110122
RANDOM_COPY,0.1,IMPORTANCE_MATCHED_BUDGET,physical_data_transmissions,100,127.83,127.5,7.822597414096568,126.29677090683707,129.36322909316291
RANDOM_COPY,0.1,IMPORTANCE_MATCHED_BUDGET,ack_count,100,114.91,114.0,6.511985841197721,113.63365077512525,116.18634922487475
RANDOM_COPY,0.1,IMPORTANCE_MATCHED_BUDGET,data_bytes_transmitted,100,3323.58,3315.0,203.38753276651076,3283.7160435777637,3363.443956422236
RANDOM_COPY,0.1,IMPORTANCE_MATCHED_BUDGET,ack_bytes_transmitted,100,1493.83,1482.0,84.65581593557037,1477.2374600766282,1510.4225399233717
RANDOM_COPY,0.1,IMPORTANCE_MATCHED_BUDGET,total_bytes_transmitted,100,4817.41,4790.5,280.4808675662336,4762.435749957018,4872.384250042982
RANDOM_COPY,0.1,IMPORTANCE_MATCHED_BUDGET,critical_traffic_share,100,0.30621950697241784,0.3058870570866142,0.01864707173775315,0.3025646809118182,0.3098743330330175
RANDOM_COPY,0.1,IMPORTANCE_MATCHED_BUDGET,important_traffic_share,100,0.5969063649368823,0.5984251968503937,0.021150108214697504,0.5927609437268017,0.601051786146963
RANDOM_COPY,0.1,IMPORTANCE_MATCHED_BUDGET,estimated_communication_time_ms,100,5018.135416666667,4990.104166666666,292.1675703814933,4960.870572871894,5075.40026046144
RANDOM_COPY,0.1,IMPORTANCE_ONLY,critical_event_delivery_ratio,100,0.9984615384615385,1.0,0.01082348416432997,0.9963401355653299,1.0005829413577472
RANDOM_COPY,0.1,IMPORTANCE_ONLY,important_event_delivery_ratio,100,0.9913793103448276,1.0,0.016530085704865582,0.988139413546674,0.9946192071429812
RANDOM_COPY,0.1,IMPORTANCE_ONLY,overall_delivery_ratio,100,0.9694444444444444,0.9629629629629629,0.021444005392015162,0.9652414193876094,0.9736474695012795
RANDOM_COPY,0.1,IMPORTANCE_ONLY,physical_data_transmissions,100,112.0,112.0,0.0,112.0,112.0
RANDOM_COPY,0.1,IMPORTANCE_ONLY,ack_count,100,100.9,101.0,3.0467734216426865,100.30283240935803,101.49716759064198
RANDOM_COPY,0.1,IMPORTANCE_ONLY,data_bytes_transmitted,100,2912.0,2912.0,0.0,2912.0,2912.0
RANDOM_COPY,0.1,IMPORTANCE_ONLY,ack_bytes_transmitted,100,1311.7,1313.0,39.60805448135492,1303.9368213216544,1319.4631786783457
RANDOM_COPY,0.1,IMPORTANCE_ONLY,total_bytes_transmitted,100,4223.7,4225.0,39.60805448135492,4215.936821321654,4231.463178678346
RANDOM_COPY,0.1,IMPORTANCE_ONLY,critical_traffic_share,100,0.3482142857142857,0.3482142857142857,0.0,0.3482142857142857,0.3482142857142857
RANDOM_COPY,0.1,IMPORTANCE_ONLY,estimated_communication_time_ms,100,4399.6875,4401.041666666667,41.25839008474471,4391.60085554339,4407.77414445661
RANDOM_COPY,0.2,EVENTGUARD,critical_event_delivery_ratio,100,0.9892307692307692,1.0,0.02682577600152129,0.9839729171344711,0.9944886213270674
RANDOM_COPY,0.2,EVENTGUARD,important_event_delivery_ratio,100,0.9841379310344828,1.0,0.024219893684718934,0.9793908318722778,0.9888850301966877
RANDOM_COPY,0.2,EVENTGUARD,overall_delivery_ratio,100,0.9596296296296296,0.9629629629629629,0.027275036505119477,0.9542837224746262,0.964975536784633
RANDOM_COPY,0.2,EVENTGUARD,physical_data_transmissions,100,140.68,142.0,5.5611930992250835,139.5900061525519,141.76999384744812
RANDOM_COPY,0.2,EVENTGUARD,ack_count,100,112.24,112.5,5.927371877462842,111.07823511201728,113.40176488798271
RANDOM_COPY,0.2,EVENTGUARD,data_bytes_transmitted,100,3657.68,3692.0,144.59102057985217,3629.340159966349,3686.019840033651
RANDOM_COPY,0.2,EVENTGUARD,ack_bytes_transmitted,100,1459.12,1462.5,77.05583440701695,1444.0170564562245,1474.2229435437753
RANDOM_COPY,0.2,EVENTGUARD,total_bytes_transmitted,100,5116.8,5161.0,193.95105078604266,5078.785594045936,5154.814405954065
RANDOM_COPY,0.2,EVENTGUARD,critical_traffic_share,100,0.27768106434477746,0.2746478873239437,0.011677374991853211,0.27539229884637423,0.2799698298431807
RANDOM_COPY,0.2,EVENTGUARD,estimated_communication_time_ms,100,5330.0,5376.041666666667,202.03234456879446,5290.401660464517,5369.598339535483
RANDOM_COPY,0.2,IMPORTANCE_MATCHED_BUDGET,critical_event_delivery_ratio,100,0.9892307692307692,1.0,0.02682577600152129,0.9839729171344711,0.9944886213270674
RANDOM_COPY,0.2,IMPORTANCE_MATCHED_BUDGET,important_event_delivery_ratio,100,0.986551724137931,1.0,0.021304573811739277,0.9823760276708301,0.9907274206050319
RANDOM_COPY,0.2,IMPORTANCE_MATCHED_BUDGET,overall_delivery_ratio,100,0.9575925925925926,0.9629629629629629,0.027517171331735178,0.9521992270115724,0.9629859581736127
RANDOM_COPY,0.2,IMPORTANCE_MATCHED_BUDGET,physical_data_transmissions,100,140.68,142.0,5.5611930992250835,139.5900061525519,141.76999384744812
RANDOM_COPY,0.2,IMPORTANCE_MATCHED_BUDGET,ack_count,100,112.3,112.0,6.0243613182585,111.11922518162133,113.48077481837866
RANDOM_COPY,0.2,IMPORTANCE_MATCHED_BUDGET,data_bytes_transmitted,100,3657.68,3692.0,144.59102057985217,3629.340159966349,3686.019840033651
RANDOM_COPY,0.2,IMPORTANCE_MATCHED_BUDGET,ack_bytes_transmitted,100,1459.9,1456.0,78.3166971373605,1444.5499273610774,1475.2500726389228
RANDOM_COPY,0.2,IMPORTANCE_MATCHED_BUDGET,total_bytes_transmitted,100,5117.58,5148.0,194.54179162038344,5079.449808842405,5155.710191157595
RANDOM_COPY,0.2,IMPORTANCE_MATCHED_BUDGET,critical_traffic_share,100,0.27768106434477746,0.2746478873239437,0.011677374991853211,0.27539229884637423,0.2799698298431807
RANDOM_COPY,0.2,IMPORTANCE_MATCHED_BUDGET,important_traffic_share,100,0.6093198504955487,0.6083916083916084,0.01208966745779614,0.6069502756738206,0.6116894253172768
RANDOM_COPY,0.2,IMPORTANCE_MATCHED_BUDGET,estimated_communication_time_ms,100,5330.8125,5362.5,202.64769960456607,5291.093550877505,5370.531449122495
RANDOM_COPY,0.2,IMPORTANCE_ONLY,critical_event_delivery_ratio,100,0.9892307692307692,1.0,0.02682577600152129,0.9839729171344711,0.9944886213270674
RANDOM_COPY,0.2,IMPORTANCE_ONLY,important_event_delivery_ratio,100,0.9572413793103448,0.9655172413793104,0.04104122889439951,0.9491972984470425,0.9652854601736471
RANDOM_COPY,0.2,IMPORTANCE_ONLY,overall_delivery_ratio,100,0.9298148148148148,0.9444444444444444,0.03494810551939505,0.9229649861330134,0.9366646434966162
RANDOM_COPY,0.2,IMPORTANCE_ONLY,physical_data_transmissions,100,112.0,112.0,0.0,112.0,112.0
RANDOM_COPY,0.2,IMPORTANCE_ONLY,ack_count,100,89.6,90.0,4.4038550605054425,88.73684440814093,90.46315559185906
RANDOM_COPY,0.2,IMPORTANCE_ONLY,data_bytes_transmitted,100,2912.0,2912.0,0.0,2912.0,2912.0
RANDOM_COPY,0.2,IMPORTANCE_ONLY,ack_bytes_transmitted,100,1164.8,1170.0,57.25011578657075,1153.578977305832,1176.0210226941679
RANDOM_COPY,0.2,IMPORTANCE_ONLY,total_bytes_transmitted,100,4076.8,4082.0,57.25011578657075,4065.5789773058323,4088.021022694168
RANDOM_COPY,0.2,IMPORTANCE_ONLY,critical_traffic_share,100,0.3482142857142857,0.3482142857142857,0.0,0.3482142857142857,0.3482142857142857
RANDOM_COPY,0.2,IMPORTANCE_ONLY,estimated_communication_time_ms,100,4246.666666666667,4252.083333333333,59.63553727767786,4234.978101360242,4258.355231973092
RANDOM_COPY,0.3,EVENTGUARD,critical_event_delivery_ratio,100,0.9723076923076923,1.0,0.04166173540838952,0.964141992167648,0.9804733924477367
RANDOM_COPY,0.3,EVENTGUARD,important_event_delivery_ratio,100,0.9748275862068966,0.9655172413793104,0.026779837685433433,0.9695787380205516,0.9800764343932415
RANDOM_COPY,0.3,EVENTGUARD,overall_delivery_ratio,100,0.9333333333333333,0.9444444444444444,0.03223660295475886,0.9270149591542006,0.9396517075124661
RANDOM_COPY,0.3,EVENTGUARD,physical_data_transmissions,100,142.65,143.0,3.002944682753375,142.06142284218035,143.23857715781966
RANDOM_COPY,0.3,EVENTGUARD,ack_count,100,99.9,100.0,6.066133842735404,98.71103776682386,101.08896223317615
RANDOM_COPY,0.3,EVENTGUARD,data_bytes_transmitted,100,3708.9,3718.0,78.07656175158775,3693.5969938966887,3724.2030061033115
RANDOM_COPY,0.3,EVENTGUARD,ack_bytes_transmitted,100,1298.7,1300.0,78.85973995556026,1283.2434909687101,1314.15650903129
RANDOM_COPY,0.3,EVENTGUARD,total_bytes_transmitted,100,5007.6,5011.5,124.99244421608496,4983.1014809336475,5032.098519066353
RANDOM_COPY,0.3,EVENTGUARD,critical_traffic_share,100,0.2735166510745101,0.2727272727272727,0.005770434156973366,0.27238564597974335,0.2746476561692769
RANDOM_COPY,0.3,EVENTGUARD,estimated_communication_time_ms,100,5216.25,5220.3125,130.20046272508853,5190.730709305883,5241.769290694117
RANDOM_COPY,0.3,IMPORTANCE_MATCHED_BUDGET,critical_event_delivery_ratio,100,0.9723076923076923,1.0,0.04166173540838952,0.964141992167648,0.9804733924477367
RANDOM_COPY,0.3,IMPORTANCE_MATCHED_BUDGET,important_event_delivery_ratio,100,0.9758620689655173,0.9655172413793104,0.026620144624570526,0.9706445206191014,0.9810796173119332
RANDOM_COPY,0.3,IMPORTANCE_MATCHED_BUDGET,overall_delivery_ratio,100,0.9342592592592592,0.9259259259259259,0.03129608046200288,0.9281252274887066,0.9403932910298118
RANDOM_COPY,0.3,IMPORTANCE_MATCHED_BUDGET,physical_data_transmissions,100,142.65,143.0,3.002944682753375,142.06142284218035,143.23857715781966
RANDOM_COPY,0.3,IMPORTANCE_MATCHED_BUDGET,ack_count,100,99.92,100.0,6.0112352719677755,98.74179788669431,101.09820211330569
RANDOM_COPY,0.3,IMPORTANCE_MATCHED_BUDGET,data_bytes_transmitted,100,3708.9,3718.0,78.07656175158775,3693.5969938966887,3724.2030061033115
RANDOM_COPY,0.3,IMPORTANCE_MATCHED_BUDGET,ack_bytes_transmitted,100,1298.96,1300.0,78.14605853558108,1283.6433725270263,1314.2766274729738
RANDOM_COPY,0.3,IMPORTANCE_MATCHED_BUDGET,total_bytes_transmitted,100,5007.86,5011.5,124.31566370503856,4983.494129913812,5032.225870086188
RANDOM_COPY,0.3,IMPORTANCE_MATCHED_BUDGET,critical_traffic_share,100,0.2735166510745101,0.2727272727272727,0.005770434156973366,0.27238564597974335,0.2746476561692769
RANDOM_COPY,0.3,IMPORTANCE_MATCHED_BUDGET,important_traffic_share,100,0.6098573143971089,0.6083916083916084,0.012331891288729354,0.607440263704518,0.6122743650896998
RANDOM_COPY,0.3,IMPORTANCE_MATCHED_BUDGET,estimated_communication_time_ms,100,5216.520833333333,5220.3125,129.49548302608187,5191.139718660221,5241.901948006445
RANDOM_COPY,0.3,IMPORTANCE_ONLY,critical_event_delivery_ratio,100,0.9723076923076923,1.0,0.04166173540838952,0.964141992167648,0.9804733924477367
RANDOM_COPY,0.3,IMPORTANCE_ONLY,important_event_delivery_ratio,100,0.9124137931034483,0.9137931034482758,0.05333495475501652,0.901960141971465,0.9228674442354315
RANDOM_COPY,0.3,IMPORTANCE_ONLY,overall_delivery_ratio,100,0.8822222222222222,0.8888888888888888,0.040650513972262915,0.8742547214836587,0.8901897229607858
RANDOM_COPY,0.3,IMPORTANCE_ONLY,physical_data_transmissions,100,112.0,112.0,0.0,112.0,112.0
RANDOM_COPY,0.3,IMPORTANCE_ONLY,ack_count,100,78.66,79.0,4.84761734663473,77.70986700005959,79.6101329999404
RANDOM_COPY,0.3,IMPORTANCE_ONLY,data_bytes_transmitted,100,2912.0,2912.0,0.0,2912.0,2912.0
RANDOM_COPY,0.3,IMPORTANCE_ONLY,ack_bytes_transmitted,100,1022.58,1027.0,63.01902550625149,1010.2282710007747,1034.9317289992252
RANDOM_COPY,0.3,IMPORTANCE_ONLY,total_bytes_transmitted,100,3934.58,3939.0,63.01902550625149,3922.228271000775,3946.931728999225
RANDOM_COPY,0.3,IMPORTANCE_ONLY,critical_traffic_share,100,0.3482142857142857,0.3482142857142857,0.0,0.3482142857142857,0.3482142857142857
RANDOM_COPY,0.3,IMPORTANCE_ONLY,estimated_communication_time_ms,100,4098.520833333333,4103.125,65.64481823567864,4085.65444895914,4111.387217707526
