strategy,loss_model,loss_rate,n,overall_delivery_ratio_mean,overall_delivery_ratio_std,overall_delivery_ratio_median,overall_delivery_ratio_ci95_low,overall_delivery_ratio_ci95_high,critical_event_delivery_ratio_mean,critical_event_delivery_ratio_std,critical_event_delivery_ratio_median,critical_event_delivery_ratio_ci95_low,critical_event_delivery_ratio_ci95_high,important_event_delivery_ratio_mean,important_event_delivery_ratio_std,important_event_delivery_ratio_median,important_event_delivery_ratio_ci95_low,important_event_delivery_ratio_ci95_high,lost_logical_packets_mean,lost_logical_packets_std,lost_logical_packets_median,lost_logical_packets_ci95_low,lost_logical_packets_ci95_high,sequence_gaps_mean,sequence_gaps_std,sequence_gaps_median,sequence_gaps_ci95_low,sequence_gaps_ci95_high,out_of_order_packets_mean,out_of_order_packets_std,out_of_order_packets_median,out_of_order_packets_ci95_low,out_of_order_packets_ci95_high,normal_delivery_ratio_mean,normal_delivery_ratio_std,normal_delivery_ratio_median,normal_delivery_ratio_ci95_low,normal_delivery_ratio_ci95_high,critical_event_miss_rate_mean,critical_event_miss_rate_std,critical_event_miss_rate_median,critical_event_miss_rate_ci95_low,critical_event_miss_rate_ci95_high,total_bytes_transmitted_mean,total_bytes_transmitted_std,total_bytes_transmitted_median,total_bytes_transmitted_ci95_low,total_bytes_transmitted_ci95_high,redundancy_overhead_mean,redundancy_overhead_std,redundancy_overhead_median,redundancy_overhead_ci95_low,redundancy_overhead_ci95_high,ack_count_mean,ack_count_std,ack_count_median,ack_count_ci95_low,ack_count_ci95_high,mean_delivery_latency_ms_mean,mean_delivery_latency_ms_std,mean_delivery_latency_ms_median,mean_delivery_latency_ms_ci95_low,mean_delivery_latency_ms_ci95_high,p50_delivery_latency_ms_mean,p50_delivery_latency_ms_std,p50_delivery_latency_ms_median,p50_delivery_latency_ms_ci95_low,p50_delivery_latency_ms_ci95_high,p95_delivery_latency_ms_mean,p95_delivery_latency_ms_std,p95_delivery_latency_ms_median,p95_delivery_latency_ms_ci95_low,p95_delivery_latency_ms_ci95_high,p99_delivery_latency_ms_mean,p99_delivery_latency_ms_std,p99_delivery_latency_ms_median,p99_delivery_latency_ms_ci95_low,p99_delivery_latency_ms_ci95_high,retransmissions_mean,retransmissions_std,retransmissions_median,retransmissions_ci95_low,retransmissions_ci95_high,duplicate_packets_mean,duplicate_packets_std,duplicate_packets_median,duplicate_packets_ci95_low,duplicate_packets_ci95_high,crc_errors_mean,crc_errors_std,crc_errors_median,crc_errors_ci95_low,crc_errors_ci95_high,communication_cost_per_delivered_critical_event_mean,communication_cost_per_delivered_critical_event_std,communication_cost_per_delivered_critical_event_median,communication_cost_per_delivered_critical_event_ci95_low,communication_cost_per_delivered_critical_event_ci95_high
EVENTGUARD,BURST,0.0,10,1.0,0.0,1.0,1.0,1.0,1.0,0.0,1.0,1.0,1.0,1.0,0.0,1.0,1.0,1.0,0.0,0.0,0.0,0.0,0.0,0.0,0.0,0.0,0.0,0.0,0.0,0.0,0.0,0.0,0.0,1.0,0.0,1.0,1.0,1.0,0.0,0.0,0.0,0.0,0.0,1599.0,0.0,1599.0,1599.0,1599.0,1.2777777777777777,0.0,1.2777777777777777,1.2777777777777777,1.2777777777777777,41.0,0.0,41.0,41.0,41.0,415.1782145969466,0.2469299670522957,415.2737372722994,415.00158381195644,415.35484538193674,415.3295501600951,0.1610269416860986,415.3206874616444,415.2143664282293,415.4447338919609,415.9645084058866,0.24709340842753488,415.98091658670455,415.7877607101029,416.1412561016703,416.6668833233416,1.0675642186901289,416.22770857065916,415.90324694406536,417.43051970261786,23.0,0.0,23.0,23.0,23.0,23.0,0.0,23.0,23.0,23.0,0.0,0.0,0.0,0.0,0.0,399.75,0.0,399.75,399.75,399.75
FIXED_REDUNDANCY,BURST,0.0,10,1.0,0.0,1.0,1.0,1.0,1.0,0.0,1.0,1.0,1.0,1.0,0.0,1.0,1.0,1.0,0.0,0.0,0.0,0.0,0.0,0.0,0.0,0.0,0.0,0.0,0.0,0.0,0.0,0.0,0.0,1.0,0.0,1.0,1.0,1.0,0.0,0.0,0.0,0.0,0.0,1404.0,0.0,1404.0,1404.0,1404.0,1.0,0.0,1.0,1.0,1.0,36.0,0.0,36.0,36.0,36.0,415.1236324454658,0.10911766556431278,415.1388390908121,415.04557979290604,415.2016850980255,415.2139291865751,0.1053499249438915,415.27164599392563,415.13857162603426,415.28928674711597,415.73747089132667,0.14717872076746125,415.7551034586504,415.6321928916844,415.84274889096895,416.1099958932027,0.6088991110860966,415.8467084635049,415.6744459708713,416.5455458155341,18.0,0.0,18.0,18.0,18.0,18.0,0.0,18.0,18.0,18.0,0.0,0.0,0.0,0.0,0.0,351.0,0.0,351.0,351.0,351.0
NO_PROTECTION,BURST,0.0,10,1.0,0.0,1.0,1.0,1.0,1.0,0.0,1.0,1.0,1.0,1.0,0.0,1.0,1.0,1.0,0.0,0.0,0.0,0.0,0.0,0.0,0.0,0.0,0.0,0.0,0.0,0.0,0.0,0.0,0.0,1.0,0.0,1.0,1.0,1.0,0.0,0.0,0.0,0.0,0.0,702.0,0.0,702.0,702.0,702.0,0.0,0.0,0.0,0.0,0.0,18.0,0.0,18.0,18.0,18.0,414.99142729056376,0.9634221011346756,415.28222347713177,414.3022845184991,415.6805700626284,415.30176245141774,0.144541063365043,415.3039373923093,415.1983711871243,415.4051537157112,415.95356662292033,0.23995346645476245,415.92437494546175,415.78192617908536,416.1252070667553,416.2645543459803,0.5392797231128422,416.1310001509264,415.8788036735943,416.6503050183663,0.0,0.0,0.0,0.0,0.0,0.0,0.0,0.0,0.0,0.0,0.0,0.0,0.0,0.0,0.0,175.5,0.0,175.5,175.5,175.5
EVENTGUARD,BURST,0.05,10,0.9722222222222222,0.029280348705262783,0.9722222222222222,0.9512777777777778,0.9931666666666666,0.975,0.07905694150420949,1.0,0.91845,1.03155,0.95,0.0805076485899413,1.0,0.8924122987667216,1.0075877012332783,0.5,0.5270462766947299,0.5,0.123,0.877,0.4,0.5163977794943223,0.0,0.030616946788296795,0.7693830532117032,0.0,0.0,0.0,0.0,0.0,0.9875,0.03952847075210474,1.0,0.959225,1.015775,0.025,0.07905694150420949,0.0,-0.031549999999999995,0.08155,1583.4,33.45378238040589,1573.0,1559.4702683709158,1607.3297316290843,1.2999999999999998,0.04684855792842046,1.2777777777777777,1.2664888888888888,1.3335111111111109,39.0,1.0540925533894598,39.0,38.246,39.754,469.65247006566426,58.65590813122421,465.1411095542036,427.69547626210164,511.6094638692269,415.1447956915945,0.23778851479846574,415.16314551699907,414.9747038532815,415.3148875299075,416.6097751352936,2.1961551796416394,415.8380622975528,415.0388495081983,418.1807007623889,1457.6555540319532,1098.1342929250272,1453.7533750990406,672.1521803452325,2243.158927718674,23.4,0.8432740427115678,23.0,22.796799999999998,24.0032,21.5,1.0801234497346435,21.0,20.727379912246647,22.272620087753353,0.0,0.0,0.0,0.0,0.0,408.85,39.88667975931592,393.25,380.3187705156262,437.3812294843738
FIXED_REDUNDANCY,BURST,0.05,10,0.9444444444444444,0.0,0.9444444444444444,0.9444444444444444,0.9444444444444444,0.975,0.07905694150420949,1.0,0.91845,1.03155,0.8833333333333333,0.0805076485899413,0.8333333333333334,0.8257456321000549,0.9409210345666117,1.0,0.0,1.0,1.0,1.0,0.9,0.31622776601683794,1.0,0.6738000000000001,1.1262,0.0,0.0,0.0,0.0,0.0,0.975,0.05270462766947299,1.0,0.9373,1.0127,0.025,0.07905694150420949,0.0,-0.031549999999999995,0.08155,1378.0,0.0,1378.0,1378.0,1378.0,1.0,0.0,1.0,1.0,1.0,34.0,0.0,34.0,34.0,34.0,415.1034874430693,0.17021461640328717,415.11672900250073,414.98173170126523,415.22524318487336,415.30278727877885,0.102261614732299,415.32493755221367,415.229638808789,415.3759357487687,415.83502078428864,0.14865472066805807,415.81004159525037,415.7286869912803,415.941354577297,416.04361252393574,0.3114752674559551,415.9707920625806,415.8208120204063,416.26641302746515,18.0,0.0,18.0,18.0,18.0,17.0,0.0,17.0,17.0,17.0,0.0,0.0,0.0,0.0,0.0,355.98333333333335,36.31348846426688,344.5,330.00803333333334,381.95863333333335
NO_PROTECTION,BURST,0.05,10,0.9333333333333333,0.02342427896421023,0.9444444444444444,0.9165777777777778,0.9500888888888889,0.975,0.07905694150420949,1.0,0.91845,1.03155,0.85,0.12297746456210365,0.8333333333333334,0.7620333333333333,0.9379666666666666,1.2,0.4216370213557839,1.0,0.8984,1.5015999999999998,1.1,0.5676462121975467,1.0,0.6939585735420585,1.5060414264579416,0.0,0.0,0.0,0.0,0.0,0.975,0.05270462766947299,1.0,0.9373,1.0127,0.025,0.07905694150420949,0.0,-0.031549999999999995,0.08155,686.4,5.4812812776251905,689.0,682.4792,690.3208,0.0,0.0,0.0,0.0,0.0,16.8,0.4216370213557839,17.0,16.4984,17.1016,417.29184906203847,4.428538573422454,415.2903718020432,414.12408350518723,420.4596146188897,415.33600848633796,0.18968068735958538,415.37314548622817,415.2003285236921,415.4716884489838,417.1475875424221,3.171282880609624,415.98514607176185,414.8791460433423,419.41602904150193,457.6130500296131,82.91306981152465,417.0880629681051,398.30473366131463,516.9213663979115,0.0,0.0,0.0,0.0,0.0,0.0,0.0,0.0,0.0,0.0,0.0,0.0,0.0,0.0,0.0,177.34166666666667,18.43471338012629,172.25,164.15518333185878,190.52815000147456
EVENTGUARD,BURST,0.1,10,0.9611111111111111,0.03749714209503073,0.9444444444444444,0.9342891351387536,0.9879330870834687,0.975,0.07905694150420949,1.0,0.91845,1.03155,0.95,0.0805076485899413,1.0,0.8924122987667216,1.0075877012332783,0.7,0.6749485577105528,1.0,0.21720443249756322,1.1827955675024366,0.5,0.5270462766947299,0.5,0.123,0.877,0.0,0.0,0.0,0.0,0.0,0.9625,0.06038073644245599,1.0,0.9193092240750412,1.005690775924959,0.025,0.07905694150420949,0.0,-0.031549999999999995,0.08155,1571.7,43.95717613010796,1553.5,1540.25711512663,1603.1428848733701,1.3111111111111111,0.053671765726627574,1.2777777777777777,1.2727193102889256,1.3495029119332966,37.7,1.5670212364724212,37.5,36.57909841645219,38.820901583547816,514.7448462787734,82.28967788955265,533.7466827728421,455.8824466448788,573.6072459126678,415.3458040673286,0.13916930602855673,415.3447503922507,415.24625525977075,415.4453528748864,830.9550459962338,724.5570880547797,416.4438545703888,312.6741392232834,1349.2359527691842,1765.3486081864685,981.6831066122996,2485.678791999817,1063.14360730151,2467.5536090714268,23.6,0.9660917830792959,23.0,22.90894758520066,24.291052414799342,20.4,1.9550504398153574,19.5,19.001538330879246,21.79846166912075,0.0,0.0,0.0,0.0,0.0,405.7083333333333,38.56372491901721,390.0,378.12342298040363,433.293243686263
FIXED_REDUNDANCY,BURST,0.1,10,0.9222222222222222,0.02868876552746236,0.9444444444444444,0.9017009414882386,0.9427435029562057,0.95,0.10540925533894598,1.0,0.8745999999999999,1.0253999999999999,0.8666666666666667,0.10540925533894598,0.8333333333333334,0.7912666666666667,0.9420666666666667,1.4,0.5163977794943223,1.0,1.0306169467882966,1.7693830532117032,1.2,0.6324555320336759,1.0,0.7476,1.6523999999999999,0.0,0.0,0.0,0.0,0.0,0.95,0.06454972243679029,1.0,0.903827118348537,0.9961728816514629,0.05,0.10540925533894598,0.0,-0.025399999999999992,0.1254,1358.5,6.851601597031489,1358.5,1353.599,1363.401,1.0,0.0,1.0,1.0,1.0,32.5,0.5270462766947299,32.5,32.123,32.877,436.15540022600567,36.57839566268308,415.28009047247264,409.9906101978639,462.32019025414746,415.234616631642,0.13086159919340376,415.2537500485778,415.1410103866547,415.32822287662924,420.68115395959467,11.149565829347704,416.05697851628065,412.7057891699507,428.6565187492386,831.9784331833944,533.5309373725415,424.17504149489105,450.3399086673565,1213.6169576994323,18.0,0.0,18.0,18.0,18.0,15.9,0.31622776601683794,16.0,15.6738,16.1262,0.0,0.0,0.0,0.0,0.0,362.15833333333336,46.671568029643915,341.25,328.7738243723355,395.5428422943312
NO_PROTECTION,BURST,0.1,10,0.8944444444444444,0.040992488187367865,0.8888888888888888,0.8651222222222221,0.9237666666666666,0.925,0.12076147288491199,1.0,0.8386184481500825,1.0113815518499176,0.8166666666666667,0.12297746456210366,0.8333333333333334,0.7287,0.9046333333333333,1.9,0.7378647873726218,2.0,1.3721999999999999,2.4278,1.7,0.8232726023485646,1.5,1.111107174436638,2.288892825563362,0.0,0.0,0.0,0.0,0.0,0.9375,0.06588078458684124,0.9375,0.890375,0.984625,0.075,0.12076147288491199,0.0,-0.011381551849917584,0.1613815518499176,677.3,9.592242235844084,676.0,670.4386,684.1614,0.0,0.0,0.0,0.0,0.0,16.1,0.7378647873726218,16.0,15.572200000000002,16.6278,415.12527492760756,0.3962873061652816,415.1412619903567,414.8418077615719,415.40874209364324,415.1827084599063,0.19337263122994763,415.12560402043164,415.04438762320314,415.3210292966094,416.66069587226957,2.248300530302495,415.93806247692555,415.0524703000491,418.26892144449005,418.83092906791717,4.704279369626896,416.6015830123797,415.4659241323514,422.19593400348293,0.0,0.0,0.0,0.0,0.0,0.0,0.0,0.0,0.0,0.0,0.0,0.0,0.0,0.0,0.0,186.225,27.126391697813588,170.625,166.82129652597072,205.62870347402927
EVENTGUARD,BURST,0.2,10,0.8833333333333333,0.05524605144509738,0.8888888888888888,0.843815434591274,0.9228512320753927,0.9,0.12909944487358058,1.0,0.8076542366970743,0.9923457633029258,0.8666666666666667,0.1314684396244359,0.8333333333333334,0.7726263443457483,0.9607069889875851,2.1,0.9944289260117531,2.0,1.3886778226429322,2.8113221773570682,1.7,0.8232726023485646,2.0,1.111107174436638,2.288892825563362,0.0,0.0,0.0,0.0,0.0,0.8875,0.09223309842157773,0.875,0.821525,0.953475,0.1,0.12909944487358058,0.0,0.007654236697074199,0.1923457633029258,1601.6,61.52722974423601,1612.0,1557.58912915381,1645.6108708461898,1.4388888888888889,0.09240722185092327,1.4444444444444446,1.3727893371450175,1.5049884406327603,35.4,1.6465452046971292,35.5,34.22221434887327,36.577785651126725,567.7427128269535,100.21574709612075,549.9605055583136,496.0576667012585,639.4277589526484,415.31485395971686,0.17761704995726824,415.3536249650642,415.1878032038443,415.44190471558943,935.8575126156211,734.4511286685268,417.5030420301482,410.49932728797717,1461.215697943265,2080.025812610984,727.463339012809,2494.565312517807,1559.6660435831889,2600.3855816387786,25.9,1.66332999331662,26.0,24.710208068610314,27.089791931389684,19.5,1.7159383568311668,19.5,18.272576927054082,20.727423072945918,0.0,0.0,0.0,0.0,0.0,453.48333333333335,68.73112310991736,419.25,404.3194656461566,502.6472010205101
FIXED_REDUNDANCY,BURST,0.2,10,0.85,0.03749714209503068,0.8333333333333334,0.8231780240276424,0.8768219759723576,0.9,0.12909944487358058,1.0,0.8076542366970743,0.9923457633029258,0.7833333333333333,0.13721210039142745,0.8333333333333334,0.685184529072773,0.8814821375938936,2.7,0.6749485577105528,3.0,2.2172044324975633,3.182795567502437,2.4,0.699205898780101,2.0,1.8998529816144056,2.900147018385594,0.0,0.0,0.0,0.0,0.0,0.875,0.08333333333333333,0.875,0.815391066105826,0.934608933894174,0.1,0.12909944487358058,0.0,0.007654236697074199,0.1923457633029258,1310.4,5.4812812776251905,1313.0,1306.4792,1314.3208000000002,1.0,0.0,1.0,1.0,1.0,28.8,0.4216370213557839,29.0,28.4984,29.1016,480.55134310892925,53.08808690428016,483.49369722418487,442.57705195478445,518.525634263074,415.2292749611661,0.1859369328294428,415.2701875427738,415.09627293311587,415.3622769892163,727.346875006333,500.57061534452276,416.56531242188066,369.28510637308136,1085.4086436395846,1143.0998416850343,501.27313853754293,1454.0392505005002,784.5355531489204,1501.6641302211483,18.0,0.0,18.0,18.0,18.0,13.5,0.5270462766947299,13.5,13.123,13.877,0.0,0.0,0.0,0.0,0.0,371.2583333333333,56.245417508813475,328.25,331.0255808437364,411.49108582293024
NO_PROTECTION,BURST,0.2,10,0.7388888888888889,0.0457373667971425,0.75,0.7061726208020355,0.7716051569757424,0.775,0.18446619684315546,0.75,0.64305,0.90695,0.6,0.1405456737852613,0.6666666666666666,0.49946666666666667,0.7005333333333333,4.7,0.8232726023485646,4.5,4.111107174436638,5.288892825563362,4.2,1.0327955589886446,4.0,3.4612338935765936,4.938766106423406,0.0,0.0,0.0,0.0,0.0,0.825,0.08740073734751262,0.8125,0.7624816227018006,0.8875183772981993,0.225,0.18446619684315546,0.25,0.09305000000000002,0.35695,640.9,10.70254383053134,643.5,633.2443932676763,648.5556067323237,0.0,0.0,0.0,0.0,0.0,13.3,0.8232726023485646,13.5,12.71110717443664,13.888892825563362,415.181892427412,0.1938451586928037,415.19644889394635,415.0432335884093,415.32055126641467,415.2070748619735,0.1765878969243343,415.1934164110571,415.08076026668226,415.3333894572648,415.73467925190926,0.17437046262483893,415.7030419446528,415.60995080335283,415.8594077004657,416.7536001186818,2.308895228415643,416.0011459607631,415.1020307222114,418.4051695151522,0.0,0.0,0.0,0.0,0.0,0.0,0.0,0.0,0.0,0.0,0.0,0.0,0.0,0.0,0.0,218.4,56.11810737461343,212.33333333333334,178.25831336688617,258.54168663311384
EVENTGUARD,BURST,0.3,10,0.8222222222222222,0.0776895443089001,0.8055555555555556,0.7666503312904895,0.8777941131539548,0.9,0.17480147469502524,1.0,0.7749632454036015,1.0250367545963985,0.8,0.1314684396244359,0.8333333333333334,0.7059596776790816,0.8940403223209185,3.2,1.398411797560202,3.5,2.1997059632288116,4.200294036771188,2.6,1.1737877907772674,2.5,1.7603811340852327,3.4396188659147677,0.0,0.0,0.0,0.0,0.0,0.8,0.13437096247164249,0.8125,0.703883482168776,0.896116517831224,0.1,0.17480147469502524,0.0,-0.025036754596398564,0.22503675459639857,1589.9,38.78272811445837,1592.5,1562.1584350830744,1617.6415649169257,1.5055555555555555,0.0665121666521035,1.5,1.4579789234140734,1.5531321876970376,32.1,1.1972189997378648,32.0,31.24362062145332,32.956379378546686,677.6830537672148,93.07646932795768,693.3646781253628,611.1047844799348,744.2613230544948,415.2970165712759,0.2385108197275399,415.27572949416935,415.12640806304165,415.4676250795101,1687.9823208786547,778.2608564907569,1455.1537084626034,1131.286721514886,2244.677920242423,2390.1690998580307,328.7512756248541,2494.6487499400973,2155.0109431818632,2625.327256534198,27.1,1.1972189997378648,27.0,26.24362062145332,27.956379378546682,17.3,1.8287822299126937,17.5,15.991858891403531,18.60814110859647,0.0,0.0,0.0,0.0,0.0,463.55833333333334,128.2513449620233,404.625,371.8192220091716,555.2974446574951
FIXED_REDUNDANCY,BURST,0.3,10,0.7833333333333333,0.04864416865393964,0.7777777777777778,0.7485378089297765,0.8181288577368901,0.85,0.17480147469502524,0.875,0.7249632454036015,0.9750367545963985,0.7,0.15315609724544693,0.6666666666666666,0.5904463398856776,0.8095536601143223,3.9,0.8755950357709131,4.0,3.2736805607359774,4.5263194392640225,3.4,0.5163977794943223,3.0,3.030616946788297,3.769383053211703,0.0,0.0,0.0,0.0,0.0,0.8125,0.12147816447594376,0.875,0.7256057934900145,0.8993942065099855,0.15,0.17480147469502524,0.125,0.024963245403601425,0.27503675459639854,1266.2,6.713171133426189,1261.0,1261.3980203082479,1271.0019796917522,1.0,0.0,1.0,1.0,1.0,25.4,0.5163977794943223,25.0,25.030616946788296,25.7693830532117,522.6625324384098,65.21083342259136,495.3104470265456,476.016753334355,569.3083115424647,415.24627921171486,0.1999930631574018,415.28027050662786,415.1032227323424,415.38933569108735,831.4052833709866,535.568810611792,418.21268759667873,448.3090534405105,1214.5015133014626,1350.9830166352913,328.42229938376573,1454.7849375521764,1116.0601790352173,1585.9058542353653,18.0,0.0,18.0,18.0,18.0,11.3,0.9486832980505138,11.0,10.621400000000001,11.9786,0.0,0.0,0.0,0.0,0.0,390.325,99.48208047894732,369.41666666666663,319.16475089290645,461.4852491070935
NO_PROTECTION,BURST,0.3,10,0.6388888888888888,0.06000685831859128,0.6666666666666666,0.5959655506803692,0.6818122270974085,0.775,0.3216709844269797,0.875,0.5449064266434197,1.0050935733565802,0.4666666666666667,0.10540925533894598,0.5,0.39126666666666665,0.5420666666666667,6.5,1.0801234497346435,6.0,5.727379912246646,7.272620087753354,5.7,1.4944341180973262,5.5,4.63102050534166,6.76897949465834,0.0,0.0,0.0,0.0,0.0,0.7,0.13437096247164249,0.75,0.603883482168776,0.796116517831224,0.225,0.3216709844269797,0.125,-0.005093573356580283,0.4550935733565803,617.5,14.041604846550364,624.0,607.4559388592064,627.5440611407936,0.0,0.0,0.0,0.0,0.0,11.5,1.0801234497346435,12.0,10.727379912246647,12.272620087753353,415.1299756994008,0.3046549421417545,415.20493229759404,414.91205382372084,415.34789757508076,415.31177514698356,0.17441747864591003,415.26222962420434,415.1870130675284,415.4365372264387,415.9084292128682,0.38183239135985275,415.8312710933387,415.6353017515655,416.1815566741709,416.03209159802645,0.3346296054520809,415.88593751657754,415.7927286296613,416.2714545663916,0.0,0.0,0.0,0.0,0.0,0.0,0.0,0.0,0.0,0.0,0.0,0.0,0.0,0.0,0.0,189.58333333333334,50.427392109844426,159.25,150.82147793156625,228.34518873510044
EVENTGUARD,RANDOM,0.0,10,1.0,0.0,1.0,1.0,1.0,1.0,0.0,1.0,1.0,1.0,1.0,0.0,1.0,1.0,1.0,0.0,0.0,0.0,0.0,0.0,0.0,0.0,0.0,0.0,0.0,0.0,0.0,0.0,0.0,0.0,1.0,0.0,1.0,1.0,1.0,0.0,0.0,0.0,0.0,0.0,1599.0,0.0,1599.0,1599.0,1599.0,1.2777777777777777,0.0,1.2777777777777777,1.2777777777777777,1.2777777777777777,41.0,0.0,41.0,41.0,41.0,415.3646615890062,0.3851289278067271,415.2716933102864,415.08917609142577,415.6401470865866,415.2768708765507,0.1242057034282756,415.25060404092073,415.18802564177145,415.3657161113299,415.9342668252066,0.2743601255746667,415.92097911052406,415.73801505014364,416.1305186002695,418.1011418113485,6.01065499823755,416.0975004779175,413.80167697394097,422.400606648756,23.0,0.0,23.0,23.0,23.0,23.0,0.0,23.0,23.0,23.0,0.0,0.0,0.0,0.0,0.0,399.75,0.0,399.75,399.75,399.75
FIXED_REDUNDANCY,RANDOM,0.0,10,1.0,0.0,1.0,1.0,1.0,1.0,0.0,1.0,1.0,1.0,1.0,0.0,1.0,1.0,1.0,0.0,0.0,0.0,0.0,0.0,0.0,0.0,0.0,0.0,0.0,0.0,0.0,0.0,0.0,0.0,1.0,0.0,1.0,1.0,1.0,0.0,0.0,0.0,0.0,0.0,1404.0,0.0,1404.0,1404.0,1404.0,1.0,0.0,1.0,1.0,1.0,36.0,0.0,36.0,36.0,36.0,415.3237807849008,0.2406097794086972,415.26620014984576,415.15167087568005,415.49589069412156,415.2501208940521,0.10498551994916334,415.25462502613664,415.17502399503013,415.32521779307405,415.8911124803126,0.16022675016881946,415.8638749504462,415.77650113120586,416.0057238294193,417.23719148430973,4.225673176847152,415.90395802631974,414.2145370076249,420.25984596099454,18.0,0.0,18.0,18.0,18.0,18.0,0.0,18.0,18.0,18.0,0.0,0.0,0.0,0.0,0.0,351.0,0.0,351.0,351.0,351.0
NO_PROTECTION,RANDOM,0.0,10,1.0,0.0,1.0,1.0,1.0,1.0,0.0,1.0,1.0,1.0,1.0,0.0,1.0,1.0,1.0,0.0,0.0,0.0,0.0,0.0,0.0,0.0,0.0,0.0,0.0,0.0,0.0,0.0,0.0,0.0,1.0,0.0,1.0,1.0,1.0,0.0,0.0,0.0,0.0,0.0,702.0,0.0,702.0,702.0,702.0,0.0,0.0,0.0,0.0,0.0,18.0,0.0,18.0,18.0,18.0,415.1800625297862,0.27359152603127185,415.198818457106,414.98436053951576,415.37576452005663,415.2150209294632,0.21849308915919272,415.1862709550187,415.0587312481669,415.3713106107595,416.13960852846503,0.33532157290833153,416.07150016352534,415.89975059079165,416.3794664661384,418.13222086057067,3.0458745908962688,417.03260433860123,415.9534848149065,420.3109569062348,0.0,0.0,0.0,0.0,0.0,0.0,0.0,0.0,0.0,0.0,0.0,0.0,0.0,0.0,0.0,175.5,0.0,175.5,175.5,175.5
EVENTGUARD,RANDOM,0.05,10,0.9833333333333333,0.026835882863313787,1.0,0.9641374329222405,1.002529233744426,1.0,0.0,1.0,1.0,1.0,1.0,0.0,1.0,1.0,1.0,0.3,0.48304589153964794,0.0,-0.04552620739967034,0.6455262073996704,0.1,0.31622776601683794,0.0,-0.12619999999999998,0.3262,0.0,0.0,0.0,0.0,0.0,0.9625,0.06038073644245599,1.0,0.9193092240750412,1.005690775924959,0.0,0.0,0.0,0.0,0.0,1580.8,31.368065856146686,1579.5,1558.3621964319143,1603.2378035680856,1.3055555555555556,0.047213143644377675,1.2777777777777777,1.2717836536543494,1.3393274574567617,38.6,1.5776212754932308,38.5,37.47151613214898,39.728483867851025,492.0543383364109,63.3008714372977,503.2053446626212,446.7747688050171,537.3339078678047,415.1880416786298,0.15344823543394534,415.2062084758654,415.0782790499639,415.29780430729573,829.5926456106827,534.0804624599225,416.16518690716475,447.56104183936225,1211.6242493820032,1348.8222542218864,764.7047071599682,1451.7977710347623,801.8234661699402,1895.8210422738325,23.5,0.8498365855987975,23.0,22.89210576577829,24.10789423422171,20.9,1.3703203194062976,21.0,19.9198,21.8802,0.0,0.0,0.0,0.0,0.0,395.2,7.842016464036671,394.875,389.5905491079786,400.8094508920214
FIXED_REDUNDANCY,RANDOM,0.05,10,0.9888888888888889,0.02342427896421023,1.0,0.9721333333333334,1.0056444444444446,1.0,0.0,1.0,1.0,1.0,1.0,0.0,1.0,1.0,1.0,0.2,0.4216370213557839,0.0,-0.10159999999999997,0.5016,0.1,0.31622776601683794,0.0,-0.12619999999999998,0.3262,0.0,0.0,0.0,0.0,0.0,0.975,0.05270462766947299,1.0,0.9373,1.0127,0.0,0.0,0.0,0.0,0.0,1370.2,18.587929177590254,1371.5,1356.9039203010814,1383.4960796989187,1.0,0.0,1.0,1.0,1.0,33.4,1.429840705968481,33.5,32.37722463854471,34.42277536145529,479.211495214848,51.26383839750442,474.45442007239785,442.54210216446654,515.8808882652295,415.3163959039375,0.11863446574282246,415.26525001972914,415.2315358156251,415.40125599224996,829.5671249274164,534.079927351295,416.0174585413188,447.53590392315357,1211.5983459316794,1141.4246999425814,500.38162903012346,1450.343312928453,783.4981145819929,1499.3512853031698,18.0,0.0,18.0,18.0,18.0,15.6,1.1737877907772674,16.0,14.760381134085232,16.439618865914767,0.0,0.0,0.0,0.0,0.0,342.55,4.646982294397564,342.875,339.22598007527034,345.8740199247297
NO_PROTECTION,RANDOM,0.05,10,0.9166666666666666,0.0654728501098655,0.8888888888888888,0.869833465137921,0.9634998681954122,0.8,0.15811388300841897,0.75,0.6869000000000001,0.9131,0.9833333333333334,0.052704627669472974,1.0,0.9456333333333334,1.0210333333333335,1.5,1.1785113019775793,2.0,0.6570023724825793,2.3429976275174207,1.3,1.0593499054713802,1.5,0.542239378167485,2.0577606218325153,0.0,0.0,0.0,0.0,0.0,0.925,0.10540925533894598,1.0,0.8496,1.0004,0.2,0.15811388300841897,0.25,0.08690000000000002,0.3131,682.5,15.32064692570853,676.0,671.5410308422736,693.4589691577264,0.0,0.0,0.0,0.0,0.0,16.5,1.1785113019775793,16.0,15.65700237248258,17.34299762751742,415.2998196438135,0.17515626410752055,415.29143105597336,415.1745291057935,415.42511018183353,415.3530249837786,0.17321065554971177,415.34643748309463,415.22912615358143,415.47692381397576,416.066895914264,0.2598903905443549,416.0682294750586,415.88099444494776,416.2527973835803,417.0181375928223,1.9502762553015458,416.41216655261815,415.62309093229055,418.4131842533541,0.0,0.0,0.0,0.0,0.0,0.0,0.0,0.0,0.0,0.0,0.0,0.0,0.0,0.0,0.0,221.21666666666667,47.176647942717494,223.16666666666669,187.4708704038727,254.96246292946063
EVENTGUARD,RANDOM,0.1,10,0.9833333333333333,0.026835882863313787,1.0,0.9641374329222405,1.002529233744426,1.0,0.0,1.0,1.0,1.0,1.0,0.0,1.0,1.0,1.0,0.3,0.48304589153964794,0.0,-0.04552620739967034,0.6455262073996704,0.1,0.31622776601683794,0.0,-0.12619999999999998,0.3262,0.0,0.0,0.0,0.0,0.0,0.9625,0.06038073644245599,1.0,0.9193092240750412,1.005690775924959,0.0,0.0,0.0,0.0,0.0,1574.3,35.969277013708364,1579.5,1548.5709169312236,1600.0290830687763,1.3277777777777777,0.04864416865393965,1.3333333333333335,1.2929822533742208,1.3625733021813347,37.3,1.636391694484477,37.0,36.129477227901994,38.470522772098,516.4712248001023,86.34087751343691,530.3445057490737,454.7109728793411,578.2314767208634,415.3394581982866,0.15876161682442416,415.3361873468384,415.22589486961994,415.45302152695325,1037.4040124937892,534.9759844563379,1449.8002084437758,654.7318353846474,1420.076189602931,1244.8836166178808,654.9130016181231,1451.044874964282,776.419626779204,1713.3476064565575,23.9,0.8755950357709131,24.0,23.273680560735976,24.52631943926402,19.6,1.5776212754932308,20.0,18.47151613214898,20.728483867851022,0.0,0.0,0.0,0.0,0.0,393.575,8.992319253427091,394.875,387.1427292328059,400.0072707671941
FIXED_REDUNDANCY,RANDOM,0.1,10,0.9888888888888889,0.02342427896421023,1.0,0.9721333333333334,1.0056444444444446,0.975,0.07905694150420949,1.0,0.91845,1.03155,1.0,0.0,1.0,1.0,1.0,0.2,0.4216370213557839,0.0,-0.10159999999999997,0.5016,0.1,0.31622776601683794,0.0,-0.12619999999999998,0.3262,0.0,0.0,0.0,0.0,0.0,0.9875,0.03952847075210474,1.0,0.959225,1.015775,0.025,0.07905694150420949,0.0,-0.031549999999999995,0.08155,1349.4,23.575882215141434,1358.5,1332.5360015464896,1366.2639984535106,1.0,0.0,1.0,1.0,1.0,31.8,1.8135294011647258,32.5,30.502769349729974,33.09723065027003,525.7310329180126,96.05290790827064,501.7169200905805,457.0236956638452,594.4383701721799,415.32071225810796,0.09755931474600871,415.35691637545824,415.2509273771865,415.39049713902943,933.9707958279178,545.5896975491489,931.706479517743,543.7065532533229,1324.2350384025126,1246.6405210318044,437.46514072052435,1453.6477295914665,933.7185531812215,1559.5624888823872,18.0,0.0,18.0,18.0,18.0,14.0,1.7638342073763937,14.5,12.738316679986614,15.261683320013386,0.0,0.0,0.0,0.0,0.0,348.5083333333333,34.861906808094936,341.25,323.5713601531503,373.44530651351636
NO_PROTECTION,RANDOM,0.1,10,0.8722222222222222,0.13107658051249174,0.8888888888888888,0.7784621995481004,0.9659822448963441,0.725,0.21889875894272828,0.75,0.5684201401839943,0.8815798598160056,0.9166666666666666,0.14163943093313291,1.0,0.8153509609630482,1.017982372370285,2.3,2.359378449224852,2.0,0.6123195918658058,3.987680408134194,2.1,2.183269719175042,2.0,0.5382914356385187,3.6617085643614815,0.0,0.0,0.0,0.0,0.0,0.9125,0.13241873818392252,1.0,0.8177799222709357,1.0072200777290643,0.275,0.21889875894272828,0.25,0.11842014018399433,0.4315798598160057,672.1,30.671919839923074,676.0,650.1601546942555,694.0398453057445,0.0,0.0,0.0,0.0,0.0,15.7,2.359378449224852,16.0,14.012319591865806,17.387680408134194,414.1195184881903,1.8676690170859698,414.97199484200047,412.7835613804822,415.4554755958984,415.2234209002927,0.17865510627335254,415.21772858686745,415.09562761525626,415.3512141853291,416.61127095576376,1.271952415834902,416.14822938572615,415.7014342260993,417.5211076854282,418.3790249051526,4.481550377485716,416.4219789672643,415.17333962281316,421.5847101874921,0.0,0.0,0.0,0.0,0.0,0.0,0.0,0.0,0.0,0.0,0.0,0.0,0.0,0.0,0.0,249.38333333333333,66.18054477089804,227.5,202.04391271338676,296.7227539532799
EVENTGUARD,RANDOM,0.2,10,0.95,0.04864416865393964,0.9444444444444444,0.9152044755964431,0.9847955244035568,0.975,0.07905694150420949,1.0,0.91845,1.03155,1.0,0.0,1.0,1.0,1.0,0.9,0.8755950357709131,1.0,0.27368056073597724,1.526319439264023,0.6,0.699205898780101,0.5,0.0998529816144057,1.1001470183855941,0.0,0.0,0.0,0.0,0.0,0.9,0.11486707293408518,0.9375,0.8178347549142583,0.9821652450857418,0.025,0.07905694150420949,0.0,-0.031549999999999995,0.08155,1544.4,43.246579826232114,1560.0,1513.4654097838682,1575.334590216132,1.3666666666666667,0.053671765726627595,1.3888888888888888,1.3282748658444812,1.4050584674888522,33.6,1.8973665961010275,34.0,32.2428,34.9572,622.8125522238639,112.03015046181574,609.7837943016202,542.676578227471,702.9485262202568,415.4037166386843,0.22238699577060175,415.4059165157378,415.2446416179265,415.56279165944204,1349.0808876929805,588.2592381704627,1452.6644165161997,928.2948152040976,1769.8669601818633,1868.6715164920315,724.5942052974209,1971.0970829473808,1350.364059487926,2386.978973496137,24.6,0.9660917830792959,25.0,23.90894758520066,25.291052414799342,16.5,1.7795130420052185,17.0,15.227101496583487,17.772898503416513,0.0,0.0,0.0,0.0,0.0,398.125,29.757177005444138,390.0,376.839476836063,419.410523163937
FIXED_REDUNDANCY,RANDOM,0.2,10,0.9333333333333333,0.043822813208145295,0.9444444444444444,0.9019865592263605,0.9646801074403062,0.875,0.1767766952966369,1.0,0.7485503558723869,1.001449644127613,0.9666666666666667,0.07027283689263064,1.0,0.9164,1.0169333333333332,1.2,0.7888106377466154,1.0,0.6357580660744896,1.7642419339255104,1.1,0.8755950357709131,1.0,0.4736805607359773,1.7263194392640229,0.0,0.0,0.0,0.0,0.0,0.9375,0.06588078458684124,0.9375,0.890375,0.984625,0.125,0.1767766952966369,0.0,-0.0014496441276131145,0.2514496441276131,1298.7,24.088032990124645,1300.0,1281.4696564062117,1315.9303435937884,1.0,0.0,1.0,1.0,1.0,27.9,1.8529256146249728,28.0,26.57458895432398,29.22541104567602,606.2133232809434,109.09595165298525,598.4573823345058,528.1762028384859,684.250443723401,415.3861583210528,0.19903458579823835,415.30252108350396,415.2437874474428,415.5285291946628,1142.5746667198837,501.2382494822879,1453.5685209557414,784.0353345764297,1501.1139988633377,1454.0744874393567,1.7642744622847673,1454.5636874390766,1452.8124892018345,1455.336485676879,18.0,0.0,18.0,18.0,18.0,11.1,1.449137674618944,11.5,10.063421377800989,12.13657862219901,0.0,0.0,0.0,0.0,0.0,388.5916666666667,98.59199697381096,331.5,318.06810070538876,459.11523262794464
NO_PROTECTION,RANDOM,0.2,10,0.7277777777777777,0.13721210039142742,0.7222222222222222,0.6296289735172175,0.825926582038338,0.525,0.27512623365365296,0.5,0.32820022230703616,0.7217997776929639,0.7833333333333333,0.1932503014547343,0.6666666666666666,0.6451,0.9215666666666666,4.9,2.4698178070456938,5.0,3.133321523309915,6.666678476690086,4.4,2.5473297566057065,5.0,2.577876667181939,6.222123332818062,0.0,0.0,0.0,0.0,0.0,0.7875,0.17726706155152205,0.8125,0.6606995933563302,0.9143004066436697,0.475,0.27512623365365296,0.5,0.2782002223070361,0.6717997776929638,638.3,32.10763149159402,637.0,615.3331798030289,661.266820196971,0.0,0.0,0.0,0.0,0.0,13.1,2.4698178070456938,13.0,11.333321523309914,14.866678476690085,415.0422803065598,0.1891666093611187,415.0450705848117,414.9069680676111,415.1775925455085,415.20660819951445,0.15255776676546737,415.138749522157,415.0974825295045,415.3157338695244,415.822049905546,0.1503782041872784,415.76781251933426,415.71448329235574,415.9296165187363,416.177229071036,0.7350190878227169,415.9512914484367,415.6514646204322,416.70299352163977,0.0,0.0,0.0,0.0,0.0,0.0,0.0,0.0,0.0,0.0,0.0,0.0,0.0,0.0,0.0,378.3,175.72187620719788,328.25,252.6048755688591,503.99512443114094
EVENTGUARD,RANDOM,0.3,10,0.8944444444444444,0.05524605144509739,0.8888888888888888,0.854926545702385,0.9339623431865037,0.95,0.10540925533894598,1.0,0.8745999999999999,1.0253999999999999,0.95,0.0805076485899413,1.0,0.8924122987667216,1.0075877012332783,1.9,0.9944289260117531,2.0,1.188677822642932,2.611322177357068,1.5,0.5270462766947299,1.5,1.123,1.877,0.0,0.0,0.0,0.0,0.0,0.825,0.10540925533894598,0.875,0.7495999999999999,0.9004,0.05,0.10540925533894598,0.0,-0.025399999999999992,0.1254,1541.8,58.20232908665349,1534.0,1500.1674545558405,1583.4325454441594,1.4722222222222223,0.10557179862029056,1.4722222222222223,1.396705953841671,1.5477384906027736,29.6,1.429840705968481,29.5,28.57722463854471,30.622775361455293,744.4541187223073,111.63481470377776,760.8027432356989,664.6009312427171,824.3073062018974,415.5258290003985,0.2437130301224266,415.56014597881585,415.3514993135779,415.70015868721913,1765.160629246384,699.8666651527866,1455.1384164951742,1264.5409599124428,2265.780298580325,2284.3239373061806,437.38977685121426,2491.0623545292765,1971.4558777744423,2597.191996837919,26.5,1.9002923751652299,26.5,25.140707169150076,27.859292830849924,13.5,1.8408935028645435,13.5,12.183195610578398,14.816804389421602,0.0,0.0,0.0,0.0,0.0,410.15,46.349564170177814,391.625,376.99582272027317,443.3041772797268
FIXED_REDUNDANCY,RANDOM,0.3,10,0.8777777777777778,0.06307180135528295,0.8888888888888888,0.8326620637268953,0.9228934918286602,0.75,0.26352313834736496,0.75,0.5615,0.9385,0.9166666666666667,0.0878410461157883,0.9166666666666667,0.8538333333333334,0.9795,2.2,1.1352924243950935,2.0,1.387917147084117,3.012082852915883,2.2,1.1352924243950935,2.0,1.387917147084117,3.012082852915883,0.0,0.0,0.0,0.0,0.0,0.9125,0.06038073644245599,0.875,0.8693092240750412,0.9556907759249588,0.25,0.26352313834736496,0.25,0.0615,0.4385,1257.1,22.970754353210857,1261.0,1240.6688538671217,1273.5311461328781,1.0,0.0,1.0,1.0,1.0,24.7,1.766981104093143,25.0,23.436065682086287,25.96393431791371,620.6990740510219,100.9165897864669,648.7617480965769,548.5127100981381,692.8854380039056,415.4368708608672,0.17368435150439074,415.4462710721418,415.31263319253986,415.56110852919454,1246.8383540399373,437.7367420072766,1454.3618124444038,933.7221078315833,1559.9546002482912,1453.805399988778,2.758278389578654,1454.7743744915351,1451.8323835785445,1455.7784163990113,18.0,0.0,18.0,18.0,18.0,8.9,1.1005049346146119,9.0,8.112800889228145,9.687199110771855,0.0,0.0,0.0,0.0,0.0,499.6333333333333,279.53069742421695,420.3333333333333,299.6830109635034,699.5836557031632
NO_PROTECTION,RANDOM,0.3,10,0.65,0.1411543629641445,0.6388888888888888,0.549031266910353,0.7509687330896471,0.5,0.23570226039551584,0.5,0.3314004744965159,0.6685995255034841,0.6666666666666666,0.22222222222222224,0.6666666666666666,0.5077095096155361,0.8256238237177972,6.3,2.5407785333546005,6.5,4.482562804386353,8.117437195613647,5.7,2.263232692902394,6.0,4.081093344259775,7.318906655740225,0.0,0.0,0.0,0.0,0.0,0.7125,0.16718668873115733,0.75,0.5929101566812633,0.8320898433187367,0.5,0.23570226039551584,0.5,0.3314004744965159,0.6685995255034841,620.1,33.03012093360981,617.5,596.4733164570226,643.7266835429774,0.0,0.0,0.0,0.0,0.0,11.7,2.5407785333546005,11.5,9.882562804386351,13.517437195613647,415.33456414804425,0.33850761065558616,415.18740754849705,415.0924272146093,415.5767010814792,415.31067092437297,0.2167791615013187,415.30589549802244,415.1556072278822,415.46573462086377,415.9040499012917,0.1765459884559347,415.89297889731824,415.7777652834299,416.03033451915354,417.48543337453157,4.696605748193289,416.02870845235884,414.12591743567896,420.8449493133842,0.0,0.0,0.0,0.0,0.0,0.0,0.0,0.0,0.0,0.0,0.0,0.0,0.0,0.0,0.0,371.3666666666667,159.7016083316123,315.25,257.13095530067864,485.6023780326547
